Workbook
Name POD_Paper_Codes: '07-Paper Priority'!$B$5:$B$26

Sheet 00-README
A1: POD Printing Size Strategy - Whole-mm Output
A2: A/B paper-size codes are used directly as DTF garment-transfer print sizes; there is no separate DTF code block. All working dimensions, including LCCO2, round down to whole millimetres.
A4: What changed
A5: Negative sizes removed | B5: The fixed 20 mm deduction pattern was replaced by proportional fractions, fitted aspect ratios and minimum-size checks.
A6: Process strategy | B6: UV and LCCO2 use fixed-bed validation; SINK uses roll-width validation; A/B paper envelopes are the DTF transfer-size codes.
A7: Codes preserved | B7: A/B, UV, LCCO2, SINK and CT remain. The separate DTF size block has been removed because A/B codes are used for garment transfers.
A8: The last 15 codes in every A/B and machine-process block remain manual custom slots. All custom entries must be positive whole millimetres. | B8: The last 15 codes in every A/B and machine-process block remain manual custom slots. All custom entries must be whole millimetres.
A9: Original retained | B9: The original worksheet values are retained in 99-Original Backup for comparison.
A11: Code | B11: Meaning | C11: Sizing rule | D11: Width / height meaning | E11: Production caution | F11: Primary source / basis
A12: A0-A12 / B0-B10 | B12: ISO-style paper envelopes used directly for DTF garment-transfer sizes | C12: 56 adaptive generated candidates + 15 custom slots; generated sizes round down to whole mm | D12: Physical paper/transfer bounding box; rotation allowed when the product permits | E12: A11/A12 are geometric continuation codes for compatibility, not claimed as ISO 216 standard sizes | F12: https://www.iso.org/standard/36631.html
A13: DTF sizing (no separate code block) | B13: Select the A/B printing_size code itself | C13: Example: A3 Full remains exactly 297 x 420 mm | D13: The A/B dimensions are the transfer-print dimensions used on the garment | E13: Verify that the selected transfer fits the actual garment and heat-press area | F13: https://www.iso.org/standard/36631.html
A14: UV | B14: UV flatbed printing | C14: Nominal bed, safe bed and common product starting presets | D14: Fixed bed; either orientation may fit | E14: Jigs, vacuum zones, rotary attachments and object height reduce usable area | F14: https://mimaki.com/product/inkjet/i-flat/ujf-6042mkII-e/specification.html
A15: LCCO2 | B15: CO2 laser cutting/engraving | C15: Nominal bed, safe bed, stock and product bounding boxes | D15: Fixed bed; either orientation may fit | E15: Kerf, material, clamps and extraction clearance are not represented by width/height alone | F15: https://www.troteclaser.com/en-tt/laser-machines/affordable-laser-cutter-r-series
A16: SINK | B16: Solvent-ink banner/sign printing | C16: Common banner panels plus custom slots | D16: width_mm = across roll; height_mm = feed length | E16: Roll length is variable; finishing, hems and eyelets need separate allowances | F16: https://downloadcenter.rolanddg.com/contents/manuals/VG3-640_INS_EN/gxd1623374300487.html
A17: CT | B17: Custom sizes | C17: Manual entries preserved from the original workbook | D17: User-defined | E17: Enter both dimensions and verify against the chosen process | F17: User-provided values
A19: Operating rules
A20: 1. For DTF garment prints, select an A/B code directly. Example: A3 Full = 297 x 420 mm.
A21: 2. Every calculated size, including LCCO2, is rounded down to a whole millimetre after the size formula is applied.
A22: 3. All custom-entry cells accept positive whole-millimetre values only. Keep kerf and other sub-millimetre production adjustments in the design or machine file.
A23: 4. For fixed-bed UV/LCCO2, a size is valid when it fits in either orientation. Nominal edge means it fits the stated bed but not the configured margin.
A24: 5. For SINK, width_mm is the cross-roll dimension and height_mm is the feed direction. Hems, eyelets and bleed remain separate.
A25: 6. Filter validation_status in 02-Printing Size before exporting. Do not import ERROR rows.
A26: 7. In 03-POD Product Guide, apparel positions use a minimum starting paper and select the first full A/B code that fits. For bodysuits the search begins A5 -> B5 -> A4; the selected base code is the full transfer size.
A27: Why exact product print areas cannot be universal
A28: POD platforms and blank suppliers publish print areas per individual product, placement and sometimes garment size. Use this workbook to control safe, non-negative dimensions, then verify the final template for each SKU.
A29: Product-specific dimensions guidance | B29: https://help.printify.com/hc/en-us/articles/4483601892497-What-dimensions-should-my-design-be
A30: Safe print area guidance | B30: https://help.printful.com/hc/en-us/articles/10720620016540-What-is-the-safe-print-area

Sheet 01-Process Controls
A1: Process Controls
A2: Blue/yellow cells are production inputs. A/B paper codes are the DTF transfer sizes. Use whole millimetres for ISO/DTF, UV, LCCO2, SINK and CT.
A4: process_code | B4: process_name | C4: feed_type | D4: max_width_mm | E4: max_height_mm | F4: default_work_length_mm | G4: min_practical_dimension_mm | H4: safe_edge_margin_each_side_mm | I4: rotation_allowed | J4: confirmed_against_machine | K4: basis / action | L4: source_url_1 | M4: source_url_2
A5: ISO | B5: A/B paper sizes used for DTF transfers | C5: SHEET / TRANSFER | G5: 3 | H5: 0 | I5: Yes | J5: Yes | K5: Use A/B printing_size codes directly for garment transfers; e.g. A3 Full = 297 x 420 mm. Generated candidates round down to whole millimetres. A11/A12 remain compatibility extensions. | L5: https://www.iso.org/standard/36631.html
A7: UV | B7: UV flatbed printing | C7: FLATBED | D7: 600 | E7: 900 | F7: 900 | G7: 5 | H7: 10 | I7: Yes | J7: No | K7: Nominal 600 x 900 mm copied from the original workbook. Confirm printable area, jig and object-height limits. Production dimensions round down to whole millimetres. | L7: https://mimaki.com/product/inkjet/i-flat/ujf-6042mkII-e/specification.html
A8: LCCO2 | B8: CO2 laser cut / engrave | C8: FLATBED | D8: 1300 | E8: 900 | F8: 900 | G8: 5 | H8: 10 | I8: Yes | J8: No | K8: Nominal 1300 x 900 mm copied from the original workbook. LCCO2 size codes round down to whole millimetres; keep kerf and precise vector geometry in the laser/CAD file. | L8: https://www.troteclaser.com/en-tt/laser-machines/affordable-laser-cutter-r-series
A9: SINK | B9: Solvent ink banner / sign | C9: ROLL | D9: 1600 | F9: 1000 | G9: 100 | H9: 10 | I9: No | J9: No | K9: 1600 mm is treated as cross-roll printable width. Feed length is variable; 1000 mm is only the default panel. Production dimensions round down to whole millimetres. | L9: https://downloadcenter.rolanddg.com/contents/manuals/VG3-640_INS_EN/gxd1623374300487.html
A10: CT | B10: Custom manual sizes | C10: CUSTOM | G10: 1 | H10: 0 | I10: Yes | J10: N/A | K10: No fixed envelope. Custom sizes are whole millimetres and must be checked against the actual process. Keep any sub-millimetre kerf or tool-path adjustment in the production file.

Sheet 02-Printing Size
A1: printing_size | B1: width_mm | C1: height_mm | D1: process_code | E1: category | F1: preset_rule | G1: common_use | H1: validation_status | I1: production_note | J1: base_width_mm | K1: base_height_mm | L1: min_dimension_mm | M1: candidate_width_mm | N1: candidate_height_mm | O1: rule_id | P1: cm | Q1: cm | R1: inche | S1: inches | T1: feet | U1: feet | V1: m | W1: m
A2: A0 | B2: =IF(LEFT(H2,5)="VALID",M2,"") -> 841 | C2: =IF(LEFT(H2,5)="VALID",N2,"") -> 1189 | D2: ISO | E2: A0 paper / DTF variant | F2: Full paper size | G2: Use the complete paper/transfer width and height. | H2: ="VALID - BASE" -> VALID - BASE | I2: Generated inside the A0 paper/DTF envelope. Generated dimensions round down to whole millimetres; below-minimum or duplicate candidates are skipped. | J2: ='05-ISO Reference'!$B$5 -> 841 | K2: ='05-ISO Reference'!$C$5 -> 1189 | L2: ='01-Process Controls'!$G$5 -> 3 | M2: =ROUNDDOWN(J2,0) -> 841 | N2: =ROUNDDOWN(K2,0) -> 1189 | O2: 0
A3: A0-1 | B3: =IF(LEFT(H3,5)="VALID",M3,"") -> 420 | C3: =IF(LEFT(H3,5)="VALID",N3,"") -> 1189 | D3: ISO | E3: A0 paper / DTF variant | F3: Half width | G3: Half the width; full height. | H3: =IF(OR(M3<=0,N3<=0),"SKIPPED - NONPOSITIVE",IF(OR(M3<L3,N3<L3),"SKIPPED - BELOW MIN",IF(OR(M3>J3,N3>K3),"SKIPPED - EXCEEDS BASE",IF(COUNTIFS($M$2:M2,M3,$N$2:N2,N3)>0,"SKIPPED - DUPLICATE","VALID - GENERATED")))) -> VALID - GENERATED | I3: Generated inside the A0 paper/DTF envelope. Generated dimensions round down to whole millimetres; below-minimum or duplicate candidates are skipped. | J3: ='05-ISO Reference'!$B$5 -> 841 | K3: ='05-ISO Reference'!$C$5 -> 1189 | L3: ='01-Process Controls'!$G$5 -> 3 | M3: =ROUNDDOWN(J3*'04-Variant Rules'!$D$6,0) -> 420 | N3: =ROUNDDOWN(K3,0) -> 1189 | O3: 1
A4: A0-2 | B4: =IF(LEFT(H4,5)="VALID",M4,"") -> 280 | C4: =IF(LEFT(H4,5)="VALID",N4,"") -> 1189 | D4: ISO | E4: A0 paper / DTF variant | F4: Third width | G4: One-third width; full height. | H4: =IF(OR(M4<=0,N4<=0),"SKIPPED - NONPOSITIVE",IF(OR(M4<L4,N4<L4),"SKIPPED - BELOW MIN",IF(OR(M4>J4,N4>K4),"SKIPPED - EXCEEDS BASE",IF(COUNTIFS($M$2:M3,M4,$N$2:N3,N4)>0,"SKIPPED - DUPLICATE","VALID - GENERATED")))) -> VALID - GENERATED | I4: Generated inside the A0 paper/DTF envelope. Generated dimensions round down to whole millimetres; below-minimum or duplicate candidates are skipped. | J4: ='05-ISO Reference'!$B$5 -> 841 | K4: ='05-ISO Reference'!$C$5 -> 1189 | L4: ='01-Process Controls'!$G$5 -> 3 | M4: =ROUNDDOWN(J4*'04-Variant Rules'!$D$7,0) -> 280 | N4: =ROUNDDOWN(K4,0) -> 1189 | O4: 2
A5: A0-3 | B5: =IF(LEFT(H5,5)="VALID",M5,"") -> 210 | C5: =IF(LEFT(H5,5)="VALID",N5,"") -> 1189 | D5: ISO | E5: A0 paper / DTF variant | F5: Quarter width | G5: Quarter width; full height. | H5: =IF(OR(M5<=0,N5<=0),"SKIPPED - NONPOSITIVE",IF(OR(M5<L5,N5<L5),"SKIPPED - BELOW MIN",IF(OR(M5>J5,N5>K5),"SKIPPED - EXCEEDS BASE",IF(COUNTIFS($M$2:M4,M5,$N$2:N4,N5)>0,"SKIPPED - DUPLICATE","VALID - GENERATED")))) -> VALID - GENERATED | I5: Generated inside the A0 paper/DTF envelope. Generated dimensions round down to whole millimetres; below-minimum or duplicate candidates are skipped. | J5: ='05-ISO Reference'!$B$5 -> 841 | K5: ='05-ISO Reference'!$C$5 -> 1189 | L5: ='01-Process Controls'!$G$5 -> 3 | M5: =ROUNDDOWN(J5*'04-Variant Rules'!$D$8,0) -> 210 | N5: =ROUNDDOWN(K5,0) -> 1189 | O5: 3
A6: A0-4 | B6: =IF(LEFT(H6,5)="VALID",M6,"") -> 560 | C6: =IF(LEFT(H6,5)="VALID",N6,"") -> 1189 | D6: ISO | E6: A0 paper / DTF variant | F6: Two-thirds width | G6: Two-thirds width; full height. | H6: =IF(OR(M6<=0,N6<=0),"SKIPPED - NONPOSITIVE",IF(OR(M6<L6,N6<L6),"SKIPPED - BELOW MIN",IF(OR(M6>J6,N6>K6),"SKIPPED - EXCEEDS BASE",IF(COUNTIFS($M$2:M5,M6,$N$2:N5,N6)>0,"SKIPPED - DUPLICATE","VALID - GENERATED")))) -> VALID - GENERATED | I6: Generated inside the A0 paper/DTF envelope. Generated dimensions round down to whole millimetres; below-minimum or duplicate candidates are skipped. | J6: ='05-ISO Reference'!$B$5 -> 841 | K6: ='05-ISO Reference'!$C$5 -> 1189 | L6: ='01-Process Controls'!$G$5 -> 3 | M6: =ROUNDDOWN(J6*'04-Variant Rules'!$D$9,0) -> 560 | N6: =ROUNDDOWN(K6,0) -> 1189 | O6: 4
A7: A0-5 | B7: =IF(LEFT(H7,5)="VALID",M7,"") -> 630 | C7: =IF(LEFT(H7,5)="VALID",N7,"") -> 1189 | D7: ISO | E7: A0 paper / DTF variant | F7: Three-quarter width | G7: Three-quarter width; full height. | H7: =IF(OR(M7<=0,N7<=0),"SKIPPED - NONPOSITIVE",IF(OR(M7<L7,N7<L7),"SKIPPED - BELOW MIN",IF(OR(M7>J7,N7>K7),"SKIPPED - EXCEEDS BASE",IF(COUNTIFS($M$2:M6,M7,$N$2:N6,N7)>0,"SKIPPED - DUPLICATE","VALID - GENERATED")))) -> VALID - GENERATED | I7: Generated inside the A0 paper/DTF envelope. Generated dimensions round down to whole millimetres; below-minimum or duplicate candidates are skipped. | J7: ='05-ISO Reference'!$B$5 -> 841 | K7: ='05-ISO Reference'!$C$5 -> 1189 | L7: ='01-Process Controls'!$G$5 -> 3 | M7: =ROUNDDOWN(J7*'04-Variant Rules'!$D$10,0) -> 630 | N7: =ROUNDDOWN(K7,0) -> 1189 | O7: 5
A8: A0-6 | B8: =IF(LEFT(H8,5)="VALID",M8,"") -> 841 | C8: =IF(LEFT(H8,5)="VALID",N8,"") -> 594 | D8: ISO | E8: A0 paper / DTF variant | F8: Half height | G8: Full width; half height. | H8: =IF(OR(M8<=0,N8<=0),"SKIPPED - NONPOSITIVE",IF(OR(M8<L8,N8<L8),"SKIPPED - BELOW MIN",IF(OR(M8>J8,N8>K8),"SKIPPED - EXCEEDS BASE",IF(COUNTIFS($M$2:M7,M8,$N$2:N7,N8)>0,"SKIPPED - DUPLICATE","VALID - GENERATED")))) -> VALID - GENERATED | I8: Generated inside the A0 paper/DTF envelope. Generated dimensions round down to whole millimetres; below-minimum or duplicate candidates are skipped. | J8: ='05-ISO Reference'!$B$5 -> 841 | K8: ='05-ISO Reference'!$C$5 -> 1189 | L8: ='01-Process Controls'!$G$5 -> 3 | M8: =ROUNDDOWN(J8,0) -> 841 | N8: =ROUNDDOWN(K8*'04-Variant Rules'!$D$11,0) -> 594 | O8: 6
A9: A0-7 | B9: =IF(LEFT(H9,5)="VALID",M9,"") -> 841 | C9: =IF(LEFT(H9,5)="VALID",N9,"") -> 396 | D9: ISO | E9: A0 paper / DTF variant | F9: Third height | G9: Full width; one-third height. | H9: =IF(OR(M9<=0,N9<=0),"SKIPPED - NONPOSITIVE",IF(OR(M9<L9,N9<L9),"SKIPPED - BELOW MIN",IF(OR(M9>J9,N9>K9),"SKIPPED - EXCEEDS BASE",IF(COUNTIFS($M$2:M8,M9,$N$2:N8,N9)>0,"SKIPPED - DUPLICATE","VALID - GENERATED")))) -> VALID - GENERATED | I9: Generated inside the A0 paper/DTF envelope. Generated dimensions round down to whole millimetres; below-minimum or duplicate candidates are skipped. | J9: ='05-ISO Reference'!$B$5 -> 841 | K9: ='05-ISO Reference'!$C$5 -> 1189 | L9: ='01-Process Controls'!$G$5 -> 3 | M9: =ROUNDDOWN(J9,0) -> 841 | N9: =ROUNDDOWN(K9*'04-Variant Rules'!$D$12,0) -> 396 | O9: 7
A10: A0-8 | B10: =IF(LEFT(H10,5)="VALID",M10,"") -> 841 | C10: =IF(LEFT(H10,5)="VALID",N10,"") -> 297 | D10: ISO | E10: A0 paper / DTF variant | F10: Quarter height | G10: Full width; quarter height. | H10: =IF(OR(M10<=0,N10<=0),"SKIPPED - NONPOSITIVE",IF(OR(M10<L10,N10<L10),"SKIPPED - BELOW MIN",IF(OR(M10>J10,N10>K10),"SKIPPED - EXCEEDS BASE",IF(COUNTIFS($M$2:M9,M10,$N$2:N9,N10)>0,"SKIPPED - DUPLICATE","VALID - GENERATED")))) -> VALID - GENERATED | I10: Generated inside the A0 paper/DTF envelope. Generated dimensions round down to whole millimetres; below-minimum or duplicate candidates are skipped. | J10: ='05-ISO Reference'!$B$5 -> 841 | K10: ='05-ISO Reference'!$C$5 -> 1189 | L10: ='01-Process Controls'!$G$5 -> 3 | M10: =ROUNDDOWN(J10,0) -> 841 | N10: =ROUNDDOWN(K10*'04-Variant Rules'!$D$13,0) -> 297 | O10: 8
A11: A0-9 | B11: =IF(LEFT(H11,5)="VALID",M11,"") -> 841 | C11: =IF(LEFT(H11,5)="VALID",N11,"") -> 792 | D11: ISO | E11: A0 paper / DTF variant | F11: Two-thirds height | G11: Full width; two-thirds height. | H11: =IF(OR(M11<=0,N11<=0),"SKIPPED - NONPOSITIVE",IF(OR(M11<L11,N11<L11),"SKIPPED - BELOW MIN",IF(OR(M11>J11,N11>K11),"SKIPPED - EXCEEDS BASE",IF(COUNTIFS($M$2:M10,M11,$N$2:N10,N11)>0,"SKIPPED - DUPLICATE","VALID - GENERATED")))) -> VALID - GENERATED | I11: Generated inside the A0 paper/DTF envelope. Generated dimensions round down to whole millimetres; below-minimum or duplicate candidates are skipped. | J11: ='05-ISO Reference'!$B$5 -> 841 | K11: ='05-ISO Reference'!$C$5 -> 1189 | L11: ='01-Process Controls'!$G$5 -> 3 | M11: =ROUNDDOWN(J11,0) -> 841 | N11: =ROUNDDOWN(K11*'04-Variant Rules'!$D$14,0) -> 792 | O11: 9
A12: A0-10 | B12: =IF(LEFT(H12,5)="VALID",M12,"") -> 841 | C12: =IF(LEFT(H12,5)="VALID",N12,"") -> 891 | D12: ISO | E12: A0 paper / DTF variant | F12: Three-quarter height | G12: Full width; three-quarter height. | H12: =IF(OR(M12<=0,N12<=0),"SKIPPED - NONPOSITIVE",IF(OR(M12<L12,N12<L12),"SKIPPED - BELOW MIN",IF(OR(M12>J12,N12>K12),"SKIPPED - EXCEEDS BASE",IF(COUNTIFS($M$2:M11,M12,$N$2:N11,N12)>0,"SKIPPED - DUPLICATE","VALID - GENERATED")))) -> VALID - GENERATED | I12: Generated inside the A0 paper/DTF envelope. Generated dimensions round down to whole millimetres; below-minimum or duplicate candidates are skipped. | J12: ='05-ISO Reference'!$B$5 -> 841 | K12: ='05-ISO Reference'!$C$5 -> 1189 | L12: ='01-Process Controls'!$G$5 -> 3 | M12: =ROUNDDOWN(J12,0) -> 841 | N12: =ROUNDDOWN(K12*'04-Variant Rules'!$D$15,0) -> 891 | O12: 10
A13: A0-11 | B13: =IF(LEFT(H13,5)="VALID",M13,"") -> 420 | C13: =IF(LEFT(H13,5)="VALID",N13,"") -> 594 | D13: ISO | E13: A0 paper / DTF variant | F13: Half both | G13: Half width and half height. | H13: =IF(OR(M13<=0,N13<=0),"SKIPPED - NONPOSITIVE",IF(OR(M13<L13,N13<L13),"SKIPPED - BELOW MIN",IF(OR(M13>J13,N13>K13),"SKIPPED - EXCEEDS BASE",IF(COUNTIFS($M$2:M12,M13,$N$2:N12,N13)>0,"SKIPPED - DUPLICATE","VALID - GENERATED")))) -> VALID - GENERATED | I13: Generated inside the A0 paper/DTF envelope. Generated dimensions round down to whole millimetres; below-minimum or duplicate candidates are skipped. | J13: ='05-ISO Reference'!$B$5 -> 841 | K13: ='05-ISO Reference'!$C$5 -> 1189 | L13: ='01-Process Controls'!$G$5 -> 3 | M13: =ROUNDDOWN(J13*'04-Variant Rules'!$D$16,0) -> 420 | N13: =ROUNDDOWN(K13*'04-Variant Rules'!$E$16,0) -> 594 | O13: 11
A14: A0-12 | B14: =IF(LEFT(H14,5)="VALID",M14,"") -> 280 | C14: =IF(LEFT(H14,5)="VALID",N14,"") -> 396 | D14: ISO | E14: A0 paper / DTF variant | F14: Third both | G14: One-third width and height. | H14: =IF(OR(M14<=0,N14<=0),"SKIPPED - NONPOSITIVE",IF(OR(M14<L14,N14<L14),"SKIPPED - BELOW MIN",IF(OR(M14>J14,N14>K14),"SKIPPED - EXCEEDS BASE",IF(COUNTIFS($M$2:M13,M14,$N$2:N13,N14)>0,"SKIPPED - DUPLICATE","VALID - GENERATED")))) -> VALID - GENERATED | I14: Generated inside the A0 paper/DTF envelope. Generated dimensions round down to whole millimetres; below-minimum or duplicate candidates are skipped. | J14: ='05-ISO Reference'!$B$5 -> 841 | K14: ='05-ISO Reference'!$C$5 -> 1189 | L14: ='01-Process Controls'!$G$5 -> 3 | M14: =ROUNDDOWN(J14*'04-Variant Rules'!$D$17,0) -> 280 | N14: =ROUNDDOWN(K14*'04-Variant Rules'!$E$17,0) -> 396 | O14: 12
A15: A0-13 | B15: =IF(LEFT(H15,5)="VALID",M15,"") -> 210 | C15: =IF(LEFT(H15,5)="VALID",N15,"") -> 297 | D15: ISO | E15: A0 paper / DTF variant | F15: Quarter both | G15: Quarter width and height. | H15: =IF(OR(M15<=0,N15<=0),"SKIPPED - NONPOSITIVE",IF(OR(M15<L15,N15<L15),"SKIPPED - BELOW MIN",IF(OR(M15>J15,N15>K15),"SKIPPED - EXCEEDS BASE",IF(COUNTIFS($M$2:M14,M15,$N$2:N14,N15)>0,"SKIPPED - DUPLICATE","VALID - GENERATED")))) -> VALID - GENERATED | I15: Generated inside the A0 paper/DTF envelope. Generated dimensions round down to whole millimetres; below-minimum or duplicate candidates are skipped. | J15: ='05-ISO Reference'!$B$5 -> 841 | K15: ='05-ISO Reference'!$C$5 -> 1189 | L15: ='01-Process Controls'!$G$5 -> 3 | M15: =ROUNDDOWN(J15*'04-Variant Rules'!$D$18,0) -> 210 | N15: =ROUNDDOWN(K15*'04-Variant Rules'!$E$18,0) -> 297 | O15: 13
A16: A0-14 | B16: =IF(LEFT(H16,5)="VALID",M16,"") -> 420 | C16: =IF(LEFT(H16,5)="VALID",N16,"") -> 396 | D16: ISO | E16: A0 paper / DTF variant | F16: Half width x third height | G16: Mixed grid cell. | H16: =IF(OR(M16<=0,N16<=0),"SKIPPED - NONPOSITIVE",IF(OR(M16<L16,N16<L16),"SKIPPED - BELOW MIN",IF(OR(M16>J16,N16>K16),"SKIPPED - EXCEEDS BASE",IF(COUNTIFS($M$2:M15,M16,$N$2:N15,N16)>0,"SKIPPED - DUPLICATE","VALID - GENERATED")))) -> VALID - GENERATED | I16: Generated inside the A0 paper/DTF envelope. Generated dimensions round down to whole millimetres; below-minimum or duplicate candidates are skipped. | J16: ='05-ISO Reference'!$B$5 -> 841 | K16: ='05-ISO Reference'!$C$5 -> 1189 | L16: ='01-Process Controls'!$G$5 -> 3 | M16: =ROUNDDOWN(J16*'04-Variant Rules'!$D$19,0) -> 420 | N16: =ROUNDDOWN(K16*'04-Variant Rules'!$E$19,0) -> 396 | O16: 14
A17: A0-15 | B17: =IF(LEFT(H17,5)="VALID",M17,"") -> 280 | C17: =IF(LEFT(H17,5)="VALID",N17,"") -> 594 | D17: ISO | E17: A0 paper / DTF variant | F17: Third width x half height | G17: Mixed grid cell. | H17: =IF(OR(M17<=0,N17<=0),"SKIPPED - NONPOSITIVE",IF(OR(M17<L17,N17<L17),"SKIPPED - BELOW MIN",IF(OR(M17>J17,N17>K17),"SKIPPED - EXCEEDS BASE",IF(COUNTIFS($M$2:M16,M17,$N$2:N16,N17)>0,"SKIPPED - DUPLICATE","VALID - GENERATED")))) -> VALID - GENERATED | I17: Generated inside the A0 paper/DTF envelope. Generated dimensions round down to whole millimetres; below-minimum or duplicate candidates are skipped. | J17: ='05-ISO Reference'!$B$5 -> 841 | K17: ='05-ISO Reference'!$C$5 -> 1189 | L17: ='01-Process Controls'!$G$5 -> 3 | M17: =ROUNDDOWN(J17*'04-Variant Rules'!$D$20,0) -> 280 | N17: =ROUNDDOWN(K17*'04-Variant Rules'!$E$20,0) -> 594 | O17: 15
A18: A0-16 | B18: =IF(LEFT(H18,5)="VALID",M18,"") -> 420 | C18: =IF(LEFT(H18,5)="VALID",N18,"") -> 297 | D18: ISO | E18: A0 paper / DTF variant | F18: Half width x quarter height | G18: Mixed grid cell. | H18: =IF(OR(M18<=0,N18<=0),"SKIPPED - NONPOSITIVE",IF(OR(M18<L18,N18<L18),"SKIPPED - BELOW MIN",IF(OR(M18>J18,N18>K18),"SKIPPED - EXCEEDS BASE",IF(COUNTIFS($M$2:M17,M18,$N$2:N17,N18)>0,"SKIPPED - DUPLICATE","VALID - GENERATED")))) -> VALID - GENERATED | I18: Generated inside the A0 paper/DTF envelope. Generated dimensions round down to whole millimetres; below-minimum or duplicate candidates are skipped. | J18: ='05-ISO Reference'!$B$5 -> 841 | K18: ='05-ISO Reference'!$C$5 -> 1189 | L18: ='01-Process Controls'!$G$5 -> 3 | M18: =ROUNDDOWN(J18*'04-Variant Rules'!$D$21,0) -> 420 | N18: =ROUNDDOWN(K18*'04-Variant Rules'!$E$21,0) -> 297 | O18: 16
A19: A0-17 | B19: =IF(LEFT(H19,5)="VALID",M19,"") -> 210 | C19: =IF(LEFT(H19,5)="VALID",N19,"") -> 594 | D19: ISO | E19: A0 paper / DTF variant | F19: Quarter width x half height | G19: Mixed grid cell. | H19: =IF(OR(M19<=0,N19<=0),"SKIPPED - NONPOSITIVE",IF(OR(M19<L19,N19<L19),"SKIPPED - BELOW MIN",IF(OR(M19>J19,N19>K19),"SKIPPED - EXCEEDS BASE",IF(COUNTIFS($M$2:M18,M19,$N$2:N18,N19)>0,"SKIPPED - DUPLICATE","VALID - GENERATED")))) -> VALID - GENERATED | I19: Generated inside the A0 paper/DTF envelope. Generated dimensions round down to whole millimetres; below-minimum or duplicate candidates are skipped. | J19: ='05-ISO Reference'!$B$5 -> 841 | K19: ='05-ISO Reference'!$C$5 -> 1189 | L19: ='01-Process Controls'!$G$5 -> 3 | M19: =ROUNDDOWN(J19*'04-Variant Rules'!$D$22,0) -> 210 | N19: =ROUNDDOWN(K19*'04-Variant Rules'!$E$22,0) -> 594 | O19: 17
A20: A0-18 | B20: =IF(LEFT(H20,5)="VALID",M20,"") -> 560 | C20: =IF(LEFT(H20,5)="VALID",N20,"") -> 594 | D20: ISO | E20: A0 paper / DTF variant | F20: Two-thirds width x half height | G20: Mixed grid cell. | H20: =IF(OR(M20<=0,N20<=0),"SKIPPED - NONPOSITIVE",IF(OR(M20<L20,N20<L20),"SKIPPED - BELOW MIN",IF(OR(M20>J20,N20>K20),"SKIPPED - EXCEEDS BASE",IF(COUNTIFS($M$2:M19,M20,$N$2:N19,N20)>0,"SKIPPED - DUPLICATE","VALID - GENERATED")))) -> VALID - GENERATED | I20: Generated inside the A0 paper/DTF envelope. Generated dimensions round down to whole millimetres; below-minimum or duplicate candidates are skipped. | J20: ='05-ISO Reference'!$B$5 -> 841 | K20: ='05-ISO Reference'!$C$5 -> 1189 | L20: ='01-Process Controls'!$G$5 -> 3 | M20: =ROUNDDOWN(J20*'04-Variant Rules'!$D$23,0) -> 560 | N20: =ROUNDDOWN(K20*'04-Variant Rules'!$E$23,0) -> 594 | O20: 18
A21: A0-19 | B21: =IF(LEFT(H21,5)="VALID",M21,"") -> 420 | C21: =IF(LEFT(H21,5)="VALID",N21,"") -> 792 | D21: ISO | E21: A0 paper / DTF variant | F21: Half width x two-thirds height | G21: Mixed grid cell. | H21: =IF(OR(M21<=0,N21<=0),"SKIPPED - NONPOSITIVE",IF(OR(M21<L21,N21<L21),"SKIPPED - BELOW MIN",IF(OR(M21>J21,N21>K21),"SKIPPED - EXCEEDS BASE",IF(COUNTIFS($M$2:M20,M21,$N$2:N20,N21)>0,"SKIPPED - DUPLICATE","VALID - GENERATED")))) -> VALID - GENERATED | I21: Generated inside the A0 paper/DTF envelope. Generated dimensions round down to whole millimetres; below-minimum or duplicate candidates are skipped. | J21: ='05-ISO Reference'!$B$5 -> 841 | K21: ='05-ISO Reference'!$C$5 -> 1189 | L21: ='01-Process Controls'!$G$5 -> 3 | M21: =ROUNDDOWN(J21*'04-Variant Rules'!$D$24,0) -> 420 | N21: =ROUNDDOWN(K21*'04-Variant Rules'!$E$24,0) -> 792 | O21: 19
A22: A0-20 | B22: =IF(LEFT(H22,5)="VALID",M22,"") -> 630 | C22: =IF(LEFT(H22,5)="VALID",N22,"") -> 594 | D22: ISO | E22: A0 paper / DTF variant | F22: Three-quarter width x half height | G22: Mixed grid cell. | H22: =IF(OR(M22<=0,N22<=0),"SKIPPED - NONPOSITIVE",IF(OR(M22<L22,N22<L22),"SKIPPED - BELOW MIN",IF(OR(M22>J22,N22>K22),"SKIPPED - EXCEEDS BASE",IF(COUNTIFS($M$2:M21,M22,$N$2:N21,N22)>0,"SKIPPED - DUPLICATE","VALID - GENERATED")))) -> VALID - GENERATED | I22: Generated inside the A0 paper/DTF envelope. Generated dimensions round down to whole millimetres; below-minimum or duplicate candidates are skipped. | J22: ='05-ISO Reference'!$B$5 -> 841 | K22: ='05-ISO Reference'!$C$5 -> 1189 | L22: ='01-Process Controls'!$G$5 -> 3 | M22: =ROUNDDOWN(J22*'04-Variant Rules'!$D$25,0) -> 630 | N22: =ROUNDDOWN(K22*'04-Variant Rules'!$E$25,0) -> 594 | O22: 20
A23: A0-21 | B23: =IF(LEFT(H23,5)="VALID",M23,"") -> 420 | C23: =IF(LEFT(H23,5)="VALID",N23,"") -> 891 | D23: ISO | E23: A0 paper / DTF variant | F23: Half width x three-quarter height | G23: Mixed grid cell. | H23: =IF(OR(M23<=0,N23<=0),"SKIPPED - NONPOSITIVE",IF(OR(M23<L23,N23<L23),"SKIPPED - BELOW MIN",IF(OR(M23>J23,N23>K23),"SKIPPED - EXCEEDS BASE",IF(COUNTIFS($M$2:M22,M23,$N$2:N22,N23)>0,"SKIPPED - DUPLICATE","VALID - GENERATED")))) -> VALID - GENERATED | I23: Generated inside the A0 paper/DTF envelope. Generated dimensions round down to whole millimetres; below-minimum or duplicate candidates are skipped. | J23: ='05-ISO Reference'!$B$5 -> 841 | K23: ='05-ISO Reference'!$C$5 -> 1189 | L23: ='01-Process Controls'!$G$5 -> 3 | M23: =ROUNDDOWN(J23*'04-Variant Rules'!$D$26,0) -> 420 | N23: =ROUNDDOWN(K23*'04-Variant Rules'!$E$26,0) -> 891 | O23: 21
A24: A0-22 | B24: =IF(LEFT(H24,5)="VALID",M24,"") -> 798 | C24: =IF(LEFT(H24,5)="VALID",N24,"") -> 1129 | D24: ISO | E24: A0 paper / DTF variant | F24: Scale 95% | G24: Proportional inset without fixed millimetre subtraction. | H24: =IF(OR(M24<=0,N24<=0),"SKIPPED - NONPOSITIVE",IF(OR(M24<L24,N24<L24),"SKIPPED - BELOW MIN",IF(OR(M24>J24,N24>K24),"SKIPPED - EXCEEDS BASE",IF(COUNTIFS($M$2:M23,M24,$N$2:N23,N24)>0,"SKIPPED - DUPLICATE","VALID - GENERATED")))) -> VALID - GENERATED | I24: Generated inside the A0 paper/DTF envelope. Generated dimensions round down to whole millimetres; below-minimum or duplicate candidates are skipped. | J24: ='05-ISO Reference'!$B$5 -> 841 | K24: ='05-ISO Reference'!$C$5 -> 1189 | L24: ='01-Process Controls'!$G$5 -> 3 | M24: =ROUNDDOWN(J24*'04-Variant Rules'!$D$27,0) -> 798 | N24: =ROUNDDOWN(K24*'04-Variant Rules'!$E$27,0) -> 1129 | O24: 22
A25: A0-23 | B25: =IF(LEFT(H25,5)="VALID",M25,"") -> 756 | C25: =IF(LEFT(H25,5)="VALID",N25,"") -> 1070 | D25: ISO | E25: A0 paper / DTF variant | F25: Scale 90% | G25: Proportional scale. | H25: =IF(OR(M25<=0,N25<=0),"SKIPPED - NONPOSITIVE",IF(OR(M25<L25,N25<L25),"SKIPPED - BELOW MIN",IF(OR(M25>J25,N25>K25),"SKIPPED - EXCEEDS BASE",IF(COUNTIFS($M$2:M24,M25,$N$2:N24,N25)>0,"SKIPPED - DUPLICATE","VALID - GENERATED")))) -> VALID - GENERATED | I25: Generated inside the A0 paper/DTF envelope. Generated dimensions round down to whole millimetres; below-minimum or duplicate candidates are skipped. | J25: ='05-ISO Reference'!$B$5 -> 841 | K25: ='05-ISO Reference'!$C$5 -> 1189 | L25: ='01-Process Controls'!$G$5 -> 3 | M25: =ROUNDDOWN(J25*'04-Variant Rules'!$D$28,0) -> 756 | N25: =ROUNDDOWN(K25*'04-Variant Rules'!$E$28,0) -> 1070 | O25: 23
A26: A0-24 | B26: =IF(LEFT(H26,5)="VALID",M26,"") -> 714 | C26: =IF(LEFT(H26,5)="VALID",N26,"") -> 1010 | D26: ISO | E26: A0 paper / DTF variant | F26: Scale 85% | G26: Proportional scale. | H26: =IF(OR(M26<=0,N26<=0),"SKIPPED - NONPOSITIVE",IF(OR(M26<L26,N26<L26),"SKIPPED - BELOW MIN",IF(OR(M26>J26,N26>K26),"SKIPPED - EXCEEDS BASE",IF(COUNTIFS($M$2:M25,M26,$N$2:N25,N26)>0,"SKIPPED - DUPLICATE","VALID - GENERATED")))) -> VALID - GENERATED | I26: Generated inside the A0 paper/DTF envelope. Generated dimensions round down to whole millimetres; below-minimum or duplicate candidates are skipped. | J26: ='05-ISO Reference'!$B$5 -> 841 | K26: ='05-ISO Reference'!$C$5 -> 1189 | L26: ='01-Process Controls'!$G$5 -> 3 | M26: =ROUNDDOWN(J26*'04-Variant Rules'!$D$29,0) -> 714 | N26: =ROUNDDOWN(K26*'04-Variant Rules'!$E$29,0) -> 1010 | O26: 24
A27: A0-25 | B27: =IF(LEFT(H27,5)="VALID",M27,"") -> 672 | C27: =IF(LEFT(H27,5)="VALID",N27,"") -> 951 | D27: ISO | E27: A0 paper / DTF variant | F27: Scale 80% | G27: Proportional scale. | H27: =IF(OR(M27<=0,N27<=0),"SKIPPED - NONPOSITIVE",IF(OR(M27<L27,N27<L27),"SKIPPED - BELOW MIN",IF(OR(M27>J27,N27>K27),"SKIPPED - EXCEEDS BASE",IF(COUNTIFS($M$2:M26,M27,$N$2:N26,N27)>0,"SKIPPED - DUPLICATE","VALID - GENERATED")))) -> VALID - GENERATED | I27: Generated inside the A0 paper/DTF envelope. Generated dimensions round down to whole millimetres; below-minimum or duplicate candidates are skipped. | J27: ='05-ISO Reference'!$B$5 -> 841 | K27: ='05-ISO Reference'!$C$5 -> 1189 | L27: ='01-Process Controls'!$G$5 -> 3 | M27: =ROUNDDOWN(J27*'04-Variant Rules'!$D$30,0) -> 672 | N27: =ROUNDDOWN(K27*'04-Variant Rules'!$E$30,0) -> 951 | O27: 25
A28: A0-26 | B28: =IF(LEFT(H28,5)="VALID",M28,"") -> 630 | C28: =IF(LEFT(H28,5)="VALID",N28,"") -> 891 | D28: ISO | E28: A0 paper / DTF variant | F28: Scale 75% | G28: Proportional scale. | H28: =IF(OR(M28<=0,N28<=0),"SKIPPED - NONPOSITIVE",IF(OR(M28<L28,N28<L28),"SKIPPED - BELOW MIN",IF(OR(M28>J28,N28>K28),"SKIPPED - EXCEEDS BASE",IF(COUNTIFS($M$2:M27,M28,$N$2:N27,N28)>0,"SKIPPED - DUPLICATE","VALID - GENERATED")))) -> VALID - GENERATED | I28: Generated inside the A0 paper/DTF envelope. Generated dimensions round down to whole millimetres; below-minimum or duplicate candidates are skipped. | J28: ='05-ISO Reference'!$B$5 -> 841 | K28: ='05-ISO Reference'!$C$5 -> 1189 | L28: ='01-Process Controls'!$G$5 -> 3 | M28: =ROUNDDOWN(J28*'04-Variant Rules'!$D$31,0) -> 630 | N28: =ROUNDDOWN(K28*'04-Variant Rules'!$E$31,0) -> 891 | O28: 26
A29: A0-27 | B29: =IF(LEFT(H29,5)="VALID",M29,"") -> 588 | C29: =IF(LEFT(H29,5)="VALID",N29,"") -> 832 | D29: ISO | E29: A0 paper / DTF variant | F29: Scale 70% | G29: Proportional scale. | H29: =IF(OR(M29<=0,N29<=0),"SKIPPED - NONPOSITIVE",IF(OR(M29<L29,N29<L29),"SKIPPED - BELOW MIN",IF(OR(M29>J29,N29>K29),"SKIPPED - EXCEEDS BASE",IF(COUNTIFS($M$2:M28,M29,$N$2:N28,N29)>0,"SKIPPED - DUPLICATE","VALID - GENERATED")))) -> VALID - GENERATED | I29: Generated inside the A0 paper/DTF envelope. Generated dimensions round down to whole millimetres; below-minimum or duplicate candidates are skipped. | J29: ='05-ISO Reference'!$B$5 -> 841 | K29: ='05-ISO Reference'!$C$5 -> 1189 | L29: ='01-Process Controls'!$G$5 -> 3 | M29: =ROUNDDOWN(J29*'04-Variant Rules'!$D$32,0) -> 588 | N29: =ROUNDDOWN(K29*'04-Variant Rules'!$E$32,0) -> 832 | O29: 27
A30: A0-28 | B30: =IF(LEFT(H30,5)="VALID",M30,"") -> 560 | C30: =IF(LEFT(H30,5)="VALID",N30,"") -> 792 | D30: ISO | E30: A0 paper / DTF variant | F30: Scale 66.67% | G30: Proportional scale. | H30: =IF(OR(M30<=0,N30<=0),"SKIPPED - NONPOSITIVE",IF(OR(M30<L30,N30<L30),"SKIPPED - BELOW MIN",IF(OR(M30>J30,N30>K30),"SKIPPED - EXCEEDS BASE",IF(COUNTIFS($M$2:M29,M30,$N$2:N29,N30)>0,"SKIPPED - DUPLICATE","VALID - GENERATED")))) -> VALID - GENERATED | I30: Generated inside the A0 paper/DTF envelope. Generated dimensions round down to whole millimetres; below-minimum or duplicate candidates are skipped. | J30: ='05-ISO Reference'!$B$5 -> 841 | K30: ='05-ISO Reference'!$C$5 -> 1189 | L30: ='01-Process Controls'!$G$5 -> 3 | M30: =ROUNDDOWN(J30*'04-Variant Rules'!$D$33,0) -> 560 | N30: =ROUNDDOWN(K30*'04-Variant Rules'!$E$33,0) -> 792 | O30: 28
A31: A0-29 | B31: =IF(LEFT(H31,5)="VALID",M31,"") -> 504 | C31: =IF(LEFT(H31,5)="VALID",N31,"") -> 713 | D31: ISO | E31: A0 paper / DTF variant | F31: Scale 60% | G31: Proportional scale. | H31: =IF(OR(M31<=0,N31<=0),"SKIPPED - NONPOSITIVE",IF(OR(M31<L31,N31<L31),"SKIPPED - BELOW MIN",IF(OR(M31>J31,N31>K31),"SKIPPED - EXCEEDS BASE",IF(COUNTIFS($M$2:M30,M31,$N$2:N30,N31)>0,"SKIPPED - DUPLICATE","VALID - GENERATED")))) -> VALID - GENERATED | I31: Generated inside the A0 paper/DTF envelope. Generated dimensions round down to whole millimetres; below-minimum or duplicate candidates are skipped. | J31: ='05-ISO Reference'!$B$5 -> 841 | K31: ='05-ISO Reference'!$C$5 -> 1189 | L31: ='01-Process Controls'!$G$5 -> 3 | M31: =ROUNDDOWN(J31*'04-Variant Rules'!$D$34,0) -> 504 | N31: =ROUNDDOWN(K31*'04-Variant Rules'!$E$34,0) -> 713 | O31: 29
A32: A0-30 | B32: =IF(LEFT(H32,5)="VALID",M32,"") -> 462 | C32: =IF(LEFT(H32,5)="VALID",N32,"") -> 653 | D32: ISO | E32: A0 paper / DTF variant | F32: Scale 55% | G32: Proportional scale. | H32: =IF(OR(M32<=0,N32<=0),"SKIPPED - NONPOSITIVE",IF(OR(M32<L32,N32<L32),"SKIPPED - BELOW MIN",IF(OR(M32>J32,N32>K32),"SKIPPED - EXCEEDS BASE",IF(COUNTIFS($M$2:M31,M32,$N$2:N31,N32)>0,"SKIPPED - DUPLICATE","VALID - GENERATED")))) -> VALID - GENERATED | I32: Generated inside the A0 paper/DTF envelope. Generated dimensions round down to whole millimetres; below-minimum or duplicate candidates are skipped. | J32: ='05-ISO Reference'!$B$5 -> 841 | K32: ='05-ISO Reference'!$C$5 -> 1189 | L32: ='01-Process Controls'!$G$5 -> 3 | M32: =ROUNDDOWN(J32*'04-Variant Rules'!$D$35,0) -> 462 | N32: =ROUNDDOWN(K32*'04-Variant Rules'!$E$35,0) -> 653 | O32: 30
A33: A0-31 | B33: =IF(LEFT(H33,5)="VALID",M33,"") -> 378 | C33: =IF(LEFT(H33,5)="VALID",N33,"") -> 535 | D33: ISO | E33: A0 paper / DTF variant | F33: Scale 45% | G33: Proportional scale. | H33: =IF(OR(M33<=0,N33<=0),"SKIPPED - NONPOSITIVE",IF(OR(M33<L33,N33<L33),"SKIPPED - BELOW MIN",IF(OR(M33>J33,N33>K33),"SKIPPED - EXCEEDS BASE",IF(COUNTIFS($M$2:M32,M33,$N$2:N32,N33)>0,"SKIPPED - DUPLICATE","VALID - GENERATED")))) -> VALID - GENERATED | I33: Generated inside the A0 paper/DTF envelope. Generated dimensions round down to whole millimetres; below-minimum or duplicate candidates are skipped. | J33: ='05-ISO Reference'!$B$5 -> 841 | K33: ='05-ISO Reference'!$C$5 -> 1189 | L33: ='01-Process Controls'!$G$5 -> 3 | M33: =ROUNDDOWN(J33*'04-Variant Rules'!$D$36,0) -> 378 | N33: =ROUNDDOWN(K33*'04-Variant Rules'!$E$36,0) -> 535 | O33: 31
A34: A0-32 | B34: =IF(LEFT(H34,5)="VALID",M34,"") -> 336 | C34: =IF(LEFT(H34,5)="VALID",N34,"") -> 475 | D34: ISO | E34: A0 paper / DTF variant | F34: Scale 40% | G34: Proportional scale. | H34: =IF(OR(M34<=0,N34<=0),"SKIPPED - NONPOSITIVE",IF(OR(M34<L34,N34<L34),"SKIPPED - BELOW MIN",IF(OR(M34>J34,N34>K34),"SKIPPED - EXCEEDS BASE",IF(COUNTIFS($M$2:M33,M34,$N$2:N33,N34)>0,"SKIPPED - DUPLICATE","VALID - GENERATED")))) -> VALID - GENERATED | I34: Generated inside the A0 paper/DTF envelope. Generated dimensions round down to whole millimetres; below-minimum or duplicate candidates are skipped. | J34: ='05-ISO Reference'!$B$5 -> 841 | K34: ='05-ISO Reference'!$C$5 -> 1189 | L34: ='01-Process Controls'!$G$5 -> 3 | M34: =ROUNDDOWN(J34*'04-Variant Rules'!$D$37,0) -> 336 | N34: =ROUNDDOWN(K34*'04-Variant Rules'!$E$37,0) -> 475 | O34: 32
A35: A0-33 | B35: =IF(LEFT(H35,5)="VALID",M35,"") -> 294 | C35: =IF(LEFT(H35,5)="VALID",N35,"") -> 416 | D35: ISO | E35: A0 paper / DTF variant | F35: Scale 35% | G35: Proportional scale. | H35: =IF(OR(M35<=0,N35<=0),"SKIPPED - NONPOSITIVE",IF(OR(M35<L35,N35<L35),"SKIPPED - BELOW MIN",IF(OR(M35>J35,N35>K35),"SKIPPED - EXCEEDS BASE",IF(COUNTIFS($M$2:M34,M35,$N$2:N34,N35)>0,"SKIPPED - DUPLICATE","VALID - GENERATED")))) -> VALID - GENERATED | I35: Generated inside the A0 paper/DTF envelope. Generated dimensions round down to whole millimetres; below-minimum or duplicate candidates are skipped. | J35: ='05-ISO Reference'!$B$5 -> 841 | K35: ='05-ISO Reference'!$C$5 -> 1189 | L35: ='01-Process Controls'!$G$5 -> 3 | M35: =ROUNDDOWN(J35*'04-Variant Rules'!$D$38,0) -> 294 | N35: =ROUNDDOWN(K35*'04-Variant Rules'!$E$38,0) -> 416 | O35: 33
A36: A0-34 | B36: =IF(LEFT(H36,5)="VALID",M36,"") -> 252 | C36: =IF(LEFT(H36,5)="VALID",N36,"") -> 356 | D36: ISO | E36: A0 paper / DTF variant | F36: Scale 30% | G36: Proportional scale. | H36: =IF(OR(M36<=0,N36<=0),"SKIPPED - NONPOSITIVE",IF(OR(M36<L36,N36<L36),"SKIPPED - BELOW MIN",IF(OR(M36>J36,N36>K36),"SKIPPED - EXCEEDS BASE",IF(COUNTIFS($M$2:M35,M36,$N$2:N35,N36)>0,"SKIPPED - DUPLICATE","VALID - GENERATED")))) -> VALID - GENERATED | I36: Generated inside the A0 paper/DTF envelope. Generated dimensions round down to whole millimetres; below-minimum or duplicate candidates are skipped. | J36: ='05-ISO Reference'!$B$5 -> 841 | K36: ='05-ISO Reference'!$C$5 -> 1189 | L36: ='01-Process Controls'!$G$5 -> 3 | M36: =ROUNDDOWN(J36*'04-Variant Rules'!$D$39,0) -> 252 | N36: =ROUNDDOWN(K36*'04-Variant Rules'!$E$39,0) -> 356 | O36: 34
A37: A0-35 | B37: =IF(LEFT(H37,5)="VALID",M37,"") -> 168 | C37: =IF(LEFT(H37,5)="VALID",N37,"") -> 237 | D37: ISO | E37: A0 paper / DTF variant | F37: Scale 20% | G37: Proportional scale. | H37: =IF(OR(M37<=0,N37<=0),"SKIPPED - NONPOSITIVE",IF(OR(M37<L37,N37<L37),"SKIPPED - BELOW MIN",IF(OR(M37>J37,N37>K37),"SKIPPED - EXCEEDS BASE",IF(COUNTIFS($M$2:M36,M37,$N$2:N36,N37)>0,"SKIPPED - DUPLICATE","VALID - GENERATED")))) -> VALID - GENERATED | I37: Generated inside the A0 paper/DTF envelope. Generated dimensions round down to whole millimetres; below-minimum or duplicate candidates are skipped. | J37: ='05-ISO Reference'!$B$5 -> 841 | K37: ='05-ISO Reference'!$C$5 -> 1189 | L37: ='01-Process Controls'!$G$5 -> 3 | M37: =ROUNDDOWN(J37*'04-Variant Rules'!$D$40,0) -> 168 | N37: =ROUNDDOWN(K37*'04-Variant Rules'!$E$40,0) -> 237 | O37: 35
A38: A0-36 | B38: =IF(LEFT(H38,5)="VALID",M38,"") -> 126 | C38: =IF(LEFT(H38,5)="VALID",N38,"") -> 178 | D38: ISO | E38: A0 paper / DTF variant | F38: Scale 15% | G38: Proportional scale; may be skipped for very small bases. | H38: =IF(OR(M38<=0,N38<=0),"SKIPPED - NONPOSITIVE",IF(OR(M38<L38,N38<L38),"SKIPPED - BELOW MIN",IF(OR(M38>J38,N38>K38),"SKIPPED - EXCEEDS BASE",IF(COUNTIFS($M$2:M37,M38,$N$2:N37,N38)>0,"SKIPPED - DUPLICATE","VALID - GENERATED")))) -> VALID - GENERATED | I38: Generated inside the A0 paper/DTF envelope. Generated dimensions round down to whole millimetres; below-minimum or duplicate candidates are skipped. | J38: ='05-ISO Reference'!$B$5 -> 841 | K38: ='05-ISO Reference'!$C$5 -> 1189 | L38: ='01-Process Controls'!$G$5 -> 3 | M38: =ROUNDDOWN(J38*'04-Variant Rules'!$D$41,0) -> 126 | N38: =ROUNDDOWN(K38*'04-Variant Rules'!$E$41,0) -> 178 | O38: 36
A39: A0-37 | B39: =IF(LEFT(H39,5)="VALID",M39,"") -> 841 | C39: =IF(LEFT(H39,5)="VALID",N39,"") -> 841 | D39: ISO | E39: A0 paper / DTF variant | F39: Square 100% | G39: Largest square inside the base. | H39: =IF(OR(M39<=0,N39<=0),"SKIPPED - NONPOSITIVE",IF(OR(M39<L39,N39<L39),"SKIPPED - BELOW MIN",IF(OR(M39>J39,N39>K39),"SKIPPED - EXCEEDS BASE",IF(COUNTIFS($M$2:M38,M39,$N$2:N38,N39)>0,"SKIPPED - DUPLICATE","VALID - GENERATED")))) -> VALID - GENERATED | I39: Generated inside the A0 paper/DTF envelope. Generated dimensions round down to whole millimetres; below-minimum or duplicate candidates are skipped. | J39: ='05-ISO Reference'!$B$5 -> 841 | K39: ='05-ISO Reference'!$C$5 -> 1189 | L39: ='01-Process Controls'!$G$5 -> 3 | M39: =ROUNDDOWN(MIN(J39,K39)*'04-Variant Rules'!$D$42,0) -> 841 | N39: =ROUNDDOWN(MIN(J39,K39)*'04-Variant Rules'!$D$42,0) -> 841 | O39: 37
A40: A0-38 | B40: =IF(LEFT(H40,5)="VALID",M40,"") -> 756 | C40: =IF(LEFT(H40,5)="VALID",N40,"") -> 756 | D40: ISO | E40: A0 paper / DTF variant | F40: Square 90% | G40: Square based on the shorter side. | H40: =IF(OR(M40<=0,N40<=0),"SKIPPED - NONPOSITIVE",IF(OR(M40<L40,N40<L40),"SKIPPED - BELOW MIN",IF(OR(M40>J40,N40>K40),"SKIPPED - EXCEEDS BASE",IF(COUNTIFS($M$2:M39,M40,$N$2:N39,N40)>0,"SKIPPED - DUPLICATE","VALID - GENERATED")))) -> VALID - GENERATED | I40: Generated inside the A0 paper/DTF envelope. Generated dimensions round down to whole millimetres; below-minimum or duplicate candidates are skipped. | J40: ='05-ISO Reference'!$B$5 -> 841 | K40: ='05-ISO Reference'!$C$5 -> 1189 | L40: ='01-Process Controls'!$G$5 -> 3 | M40: =ROUNDDOWN(MIN(J40,K40)*'04-Variant Rules'!$D$43,0) -> 756 | N40: =ROUNDDOWN(MIN(J40,K40)*'04-Variant Rules'!$D$43,0) -> 756 | O40: 38
A41: A0-39 | B41: =IF(LEFT(H41,5)="VALID",M41,"") -> 672 | C41: =IF(LEFT(H41,5)="VALID",N41,"") -> 672 | D41: ISO | E41: A0 paper / DTF variant | F41: Square 80% | G41: Square based on the shorter side. | H41: =IF(OR(M41<=0,N41<=0),"SKIPPED - NONPOSITIVE",IF(OR(M41<L41,N41<L41),"SKIPPED - BELOW MIN",IF(OR(M41>J41,N41>K41),"SKIPPED - EXCEEDS BASE",IF(COUNTIFS($M$2:M40,M41,$N$2:N40,N41)>0,"SKIPPED - DUPLICATE","VALID - GENERATED")))) -> VALID - GENERATED | I41: Generated inside the A0 paper/DTF envelope. Generated dimensions round down to whole millimetres; below-minimum or duplicate candidates are skipped. | J41: ='05-ISO Reference'!$B$5 -> 841 | K41: ='05-ISO Reference'!$C$5 -> 1189 | L41: ='01-Process Controls'!$G$5 -> 3 | M41: =ROUNDDOWN(MIN(J41,K41)*'04-Variant Rules'!$D$44,0) -> 672 | N41: =ROUNDDOWN(MIN(J41,K41)*'04-Variant Rules'!$D$44,0) -> 672 | O41: 39
A42: A0-40 | B42: =IF(LEFT(H42,5)="VALID",M42,"") -> 630 | C42: =IF(LEFT(H42,5)="VALID",N42,"") -> 630 | D42: ISO | E42: A0 paper / DTF variant | F42: Square 75% | G42: Square based on the shorter side. | H42: =IF(OR(M42<=0,N42<=0),"SKIPPED - NONPOSITIVE",IF(OR(M42<L42,N42<L42),"SKIPPED - BELOW MIN",IF(OR(M42>J42,N42>K42),"SKIPPED - EXCEEDS BASE",IF(COUNTIFS($M$2:M41,M42,$N$2:N41,N42)>0,"SKIPPED - DUPLICATE","VALID - GENERATED")))) -> VALID - GENERATED | I42: Generated inside the A0 paper/DTF envelope. Generated dimensions round down to whole millimetres; below-minimum or duplicate candidates are skipped. | J42: ='05-ISO Reference'!$B$5 -> 841 | K42: ='05-ISO Reference'!$C$5 -> 1189 | L42: ='01-Process Controls'!$G$5 -> 3 | M42: =ROUNDDOWN(MIN(J42,K42)*'04-Variant Rules'!$D$45,0) -> 630 | N42: =ROUNDDOWN(MIN(J42,K42)*'04-Variant Rules'!$D$45,0) -> 630 | O42: 40
A43: A0-41 | B43: =IF(LEFT(H43,5)="VALID",M43,"") -> 560 | C43: =IF(LEFT(H43,5)="VALID",N43,"") -> 560 | D43: ISO | E43: A0 paper / DTF variant | F43: Square 66.67% | G43: Square based on the shorter side. | H43: =IF(OR(M43<=0,N43<=0),"SKIPPED - NONPOSITIVE",IF(OR(M43<L43,N43<L43),"SKIPPED - BELOW MIN",IF(OR(M43>J43,N43>K43),"SKIPPED - EXCEEDS BASE",IF(COUNTIFS($M$2:M42,M43,$N$2:N42,N43)>0,"SKIPPED - DUPLICATE","VALID - GENERATED")))) -> VALID - GENERATED | I43: Generated inside the A0 paper/DTF envelope. Generated dimensions round down to whole millimetres; below-minimum or duplicate candidates are skipped. | J43: ='05-ISO Reference'!$B$5 -> 841 | K43: ='05-ISO Reference'!$C$5 -> 1189 | L43: ='01-Process Controls'!$G$5 -> 3 | M43: =ROUNDDOWN(MIN(J43,K43)*'04-Variant Rules'!$D$46,0) -> 560 | N43: =ROUNDDOWN(MIN(J43,K43)*'04-Variant Rules'!$D$46,0) -> 560 | O43: 41
A44: A0-42 | B44: =IF(LEFT(H44,5)="VALID",M44,"") -> 504 | C44: =IF(LEFT(H44,5)="VALID",N44,"") -> 504 | D44: ISO | E44: A0 paper / DTF variant | F44: Square 60% | G44: Square based on the shorter side. | H44: =IF(OR(M44<=0,N44<=0),"SKIPPED - NONPOSITIVE",IF(OR(M44<L44,N44<L44),"SKIPPED - BELOW MIN",IF(OR(M44>J44,N44>K44),"SKIPPED - EXCEEDS BASE",IF(COUNTIFS($M$2:M43,M44,$N$2:N43,N44)>0,"SKIPPED - DUPLICATE","VALID - GENERATED")))) -> VALID - GENERATED | I44: Generated inside the A0 paper/DTF envelope. Generated dimensions round down to whole millimetres; below-minimum or duplicate candidates are skipped. | J44: ='05-ISO Reference'!$B$5 -> 841 | K44: ='05-ISO Reference'!$C$5 -> 1189 | L44: ='01-Process Controls'!$G$5 -> 3 | M44: =ROUNDDOWN(MIN(J44,K44)*'04-Variant Rules'!$D$47,0) -> 504 | N44: =ROUNDDOWN(MIN(J44,K44)*'04-Variant Rules'!$D$47,0) -> 504 | O44: 42
A45: A0-43 | B45: =IF(LEFT(H45,5)="VALID",M45,"") -> 420 | C45: =IF(LEFT(H45,5)="VALID",N45,"") -> 420 | D45: ISO | E45: A0 paper / DTF variant | F45: Square 50% | G45: Square based on the shorter side. | H45: =IF(OR(M45<=0,N45<=0),"SKIPPED - NONPOSITIVE",IF(OR(M45<L45,N45<L45),"SKIPPED - BELOW MIN",IF(OR(M45>J45,N45>K45),"SKIPPED - EXCEEDS BASE",IF(COUNTIFS($M$2:M44,M45,$N$2:N44,N45)>0,"SKIPPED - DUPLICATE","VALID - GENERATED")))) -> VALID - GENERATED | I45: Generated inside the A0 paper/DTF envelope. Generated dimensions round down to whole millimetres; below-minimum or duplicate candidates are skipped. | J45: ='05-ISO Reference'!$B$5 -> 841 | K45: ='05-ISO Reference'!$C$5 -> 1189 | L45: ='01-Process Controls'!$G$5 -> 3 | M45: =ROUNDDOWN(MIN(J45,K45)*'04-Variant Rules'!$D$48,0) -> 420 | N45: =ROUNDDOWN(MIN(J45,K45)*'04-Variant Rules'!$D$48,0) -> 420 | O45: 43
A46: A0-44 | B46: =IF(LEFT(H46,5)="VALID",M46,"") -> 336 | C46: =IF(LEFT(H46,5)="VALID",N46,"") -> 336 | D46: ISO | E46: A0 paper / DTF variant | F46: Square 40% | G46: Square based on the shorter side. | H46: =IF(OR(M46<=0,N46<=0),"SKIPPED - NONPOSITIVE",IF(OR(M46<L46,N46<L46),"SKIPPED - BELOW MIN",IF(OR(M46>J46,N46>K46),"SKIPPED - EXCEEDS BASE",IF(COUNTIFS($M$2:M45,M46,$N$2:N45,N46)>0,"SKIPPED - DUPLICATE","VALID - GENERATED")))) -> VALID - GENERATED | I46: Generated inside the A0 paper/DTF envelope. Generated dimensions round down to whole millimetres; below-minimum or duplicate candidates are skipped. | J46: ='05-ISO Reference'!$B$5 -> 841 | K46: ='05-ISO Reference'!$C$5 -> 1189 | L46: ='01-Process Controls'!$G$5 -> 3 | M46: =ROUNDDOWN(MIN(J46,K46)*'04-Variant Rules'!$D$49,0) -> 336 | N46: =ROUNDDOWN(MIN(J46,K46)*'04-Variant Rules'!$D$49,0) -> 336 | O46: 44
A47: A0-45 | B47: =IF(LEFT(H47,5)="VALID",M47,"") -> 280 | C47: =IF(LEFT(H47,5)="VALID",N47,"") -> 280 | D47: ISO | E47: A0 paper / DTF variant | F47: Square 33.33% | G47: Square based on the shorter side. | H47: =IF(OR(M47<=0,N47<=0),"SKIPPED - NONPOSITIVE",IF(OR(M47<L47,N47<L47),"SKIPPED - BELOW MIN",IF(OR(M47>J47,N47>K47),"SKIPPED - EXCEEDS BASE",IF(COUNTIFS($M$2:M46,M47,$N$2:N46,N47)>0,"SKIPPED - DUPLICATE","VALID - GENERATED")))) -> VALID - GENERATED | I47: Generated inside the A0 paper/DTF envelope. Generated dimensions round down to whole millimetres; below-minimum or duplicate candidates are skipped. | J47: ='05-ISO Reference'!$B$5 -> 841 | K47: ='05-ISO Reference'!$C$5 -> 1189 | L47: ='01-Process Controls'!$G$5 -> 3 | M47: =ROUNDDOWN(MIN(J47,K47)*'04-Variant Rules'!$D$50,0) -> 280 | N47: =ROUNDDOWN(MIN(J47,K47)*'04-Variant Rules'!$D$50,0) -> 280 | O47: 45
A48: A0-46 | B48: =IF(LEFT(H48,5)="VALID",M48,"") -> 210 | C48: =IF(LEFT(H48,5)="VALID",N48,"") -> 210 | D48: ISO | E48: A0 paper / DTF variant | F48: Square 25% | G48: Square based on the shorter side. | H48: =IF(OR(M48<=0,N48<=0),"SKIPPED - NONPOSITIVE",IF(OR(M48<L48,N48<L48),"SKIPPED - BELOW MIN",IF(OR(M48>J48,N48>K48),"SKIPPED - EXCEEDS BASE",IF(COUNTIFS($M$2:M47,M48,$N$2:N47,N48)>0,"SKIPPED - DUPLICATE","VALID - GENERATED")))) -> VALID - GENERATED | I48: Generated inside the A0 paper/DTF envelope. Generated dimensions round down to whole millimetres; below-minimum or duplicate candidates are skipped. | J48: ='05-ISO Reference'!$B$5 -> 841 | K48: ='05-ISO Reference'!$C$5 -> 1189 | L48: ='01-Process Controls'!$G$5 -> 3 | M48: =ROUNDDOWN(MIN(J48,K48)*'04-Variant Rules'!$D$51,0) -> 210 | N48: =ROUNDDOWN(MIN(J48,K48)*'04-Variant Rules'!$D$51,0) -> 210 | O48: 46
A49: A0-47 | B49: =IF(LEFT(H49,5)="VALID",M49,"") -> 168 | C49: =IF(LEFT(H49,5)="VALID",N49,"") -> 168 | D49: ISO | E49: A0 paper / DTF variant | F49: Square 20% | G49: Square based on the shorter side. | H49: =IF(OR(M49<=0,N49<=0),"SKIPPED - NONPOSITIVE",IF(OR(M49<L49,N49<L49),"SKIPPED - BELOW MIN",IF(OR(M49>J49,N49>K49),"SKIPPED - EXCEEDS BASE",IF(COUNTIFS($M$2:M48,M49,$N$2:N48,N49)>0,"SKIPPED - DUPLICATE","VALID - GENERATED")))) -> VALID - GENERATED | I49: Generated inside the A0 paper/DTF envelope. Generated dimensions round down to whole millimetres; below-minimum or duplicate candidates are skipped. | J49: ='05-ISO Reference'!$B$5 -> 841 | K49: ='05-ISO Reference'!$C$5 -> 1189 | L49: ='01-Process Controls'!$G$5 -> 3 | M49: =ROUNDDOWN(MIN(J49,K49)*'04-Variant Rules'!$D$52,0) -> 168 | N49: =ROUNDDOWN(MIN(J49,K49)*'04-Variant Rules'!$D$52,0) -> 168 | O49: 47
A50: A0-48 | B50: =IF(LEFT(H50,5)="VALID",M50,"") -> 841 | C50: =IF(LEFT(H50,5)="VALID",N50,"") -> 630 | D50: ISO | E50: A0 paper / DTF variant | F50: Fit 4:3 landscape | G50: Largest 4:3 rectangle inside the base. | H50: =IF(OR(M50<=0,N50<=0),"SKIPPED - NONPOSITIVE",IF(OR(M50<L50,N50<L50),"SKIPPED - BELOW MIN",IF(OR(M50>J50,N50>K50),"SKIPPED - EXCEEDS BASE",IF(COUNTIFS($M$2:M49,M50,$N$2:N49,N50)>0,"SKIPPED - DUPLICATE","VALID - GENERATED")))) -> VALID - GENERATED | I50: Generated inside the A0 paper/DTF envelope. Generated dimensions round down to whole millimetres; below-minimum or duplicate candidates are skipped. | J50: ='05-ISO Reference'!$B$5 -> 841 | K50: ='05-ISO Reference'!$C$5 -> 1189 | L50: ='01-Process Controls'!$G$5 -> 3 | M50: =ROUNDDOWN(MIN(J50,K50*'04-Variant Rules'!$D$53),0) -> 841 | N50: =ROUNDDOWN(M50/'04-Variant Rules'!$D$53,0) -> 630 | O50: 48
A51: A0-49 | B51: =IF(LEFT(H51,5)="VALID",M51,"") -> 841 | C51: =IF(LEFT(H51,5)="VALID",N51,"") -> 1121 | D51: ISO | E51: A0 paper / DTF variant | F51: Fit 3:4 portrait | G51: Largest 3:4 rectangle inside the base. | H51: =IF(OR(M51<=0,N51<=0),"SKIPPED - NONPOSITIVE",IF(OR(M51<L51,N51<L51),"SKIPPED - BELOW MIN",IF(OR(M51>J51,N51>K51),"SKIPPED - EXCEEDS BASE",IF(COUNTIFS($M$2:M50,M51,$N$2:N50,N51)>0,"SKIPPED - DUPLICATE","VALID - GENERATED")))) -> VALID - GENERATED | I51: Generated inside the A0 paper/DTF envelope. Generated dimensions round down to whole millimetres; below-minimum or duplicate candidates are skipped. | J51: ='05-ISO Reference'!$B$5 -> 841 | K51: ='05-ISO Reference'!$C$5 -> 1189 | L51: ='01-Process Controls'!$G$5 -> 3 | M51: =ROUNDDOWN(MIN(J51,K51*'04-Variant Rules'!$D$54),0) -> 841 | N51: =ROUNDDOWN(M51/'04-Variant Rules'!$D$54,0) -> 1121 | O51: 49
A52: A0-50 | B52: =IF(LEFT(H52,5)="VALID",M52,"") -> 841 | C52: =IF(LEFT(H52,5)="VALID",N52,"") -> 560 | D52: ISO | E52: A0 paper / DTF variant | F52: Fit 3:2 landscape | G52: Largest 3:2 rectangle inside the base. | H52: =IF(OR(M52<=0,N52<=0),"SKIPPED - NONPOSITIVE",IF(OR(M52<L52,N52<L52),"SKIPPED - BELOW MIN",IF(OR(M52>J52,N52>K52),"SKIPPED - EXCEEDS BASE",IF(COUNTIFS($M$2:M51,M52,$N$2:N51,N52)>0,"SKIPPED - DUPLICATE","VALID - GENERATED")))) -> VALID - GENERATED | I52: Generated inside the A0 paper/DTF envelope. Generated dimensions round down to whole millimetres; below-minimum or duplicate candidates are skipped. | J52: ='05-ISO Reference'!$B$5 -> 841 | K52: ='05-ISO Reference'!$C$5 -> 1189 | L52: ='01-Process Controls'!$G$5 -> 3 | M52: =ROUNDDOWN(MIN(J52,K52*'04-Variant Rules'!$D$55),0) -> 841 | N52: =ROUNDDOWN(M52/'04-Variant Rules'!$D$55,0) -> 560 | O52: 50
A53: A0-51 | B53: =IF(LEFT(H53,5)="VALID",M53,"") -> 792 | C53: =IF(LEFT(H53,5)="VALID",N53,"") -> 1188 | D53: ISO | E53: A0 paper / DTF variant | F53: Fit 2:3 portrait | G53: Largest 2:3 rectangle inside the base. | H53: =IF(OR(M53<=0,N53<=0),"SKIPPED - NONPOSITIVE",IF(OR(M53<L53,N53<L53),"SKIPPED - BELOW MIN",IF(OR(M53>J53,N53>K53),"SKIPPED - EXCEEDS BASE",IF(COUNTIFS($M$2:M52,M53,$N$2:N52,N53)>0,"SKIPPED - DUPLICATE","VALID - GENERATED")))) -> VALID - GENERATED | I53: Generated inside the A0 paper/DTF envelope. Generated dimensions round down to whole millimetres; below-minimum or duplicate candidates are skipped. | J53: ='05-ISO Reference'!$B$5 -> 841 | K53: ='05-ISO Reference'!$C$5 -> 1189 | L53: ='01-Process Controls'!$G$5 -> 3 | M53: =ROUNDDOWN(MIN(J53,K53*'04-Variant Rules'!$D$56),0) -> 792 | N53: =ROUNDDOWN(M53/'04-Variant Rules'!$D$56,0) -> 1188 | O53: 51
A54: A0-52 | B54: =IF(LEFT(H54,5)="VALID",M54,"") -> 841 | C54: =IF(LEFT(H54,5)="VALID",N54,"") -> 473 | D54: ISO | E54: A0 paper / DTF variant | F54: Fit 16:9 landscape | G54: Largest widescreen rectangle inside the base. | H54: =IF(OR(M54<=0,N54<=0),"SKIPPED - NONPOSITIVE",IF(OR(M54<L54,N54<L54),"SKIPPED - BELOW MIN",IF(OR(M54>J54,N54>K54),"SKIPPED - EXCEEDS BASE",IF(COUNTIFS($M$2:M53,M54,$N$2:N53,N54)>0,"SKIPPED - DUPLICATE","VALID - GENERATED")))) -> VALID - GENERATED | I54: Generated inside the A0 paper/DTF envelope. Generated dimensions round down to whole millimetres; below-minimum or duplicate candidates are skipped. | J54: ='05-ISO Reference'!$B$5 -> 841 | K54: ='05-ISO Reference'!$C$5 -> 1189 | L54: ='01-Process Controls'!$G$5 -> 3 | M54: =ROUNDDOWN(MIN(J54,K54*'04-Variant Rules'!$D$57),0) -> 841 | N54: =ROUNDDOWN(M54/'04-Variant Rules'!$D$57,0) -> 473 | O54: 52
A55: A0-53 | B55: =IF(LEFT(H55,5)="VALID",M55,"") -> 668 | C55: =IF(LEFT(H55,5)="VALID",N55,"") -> 1187 | D55: ISO | E55: A0 paper / DTF variant | F55: Fit 9:16 portrait | G55: Largest portrait widescreen rectangle inside the base. | H55: =IF(OR(M55<=0,N55<=0),"SKIPPED - NONPOSITIVE",IF(OR(M55<L55,N55<L55),"SKIPPED - BELOW MIN",IF(OR(M55>J55,N55>K55),"SKIPPED - EXCEEDS BASE",IF(COUNTIFS($M$2:M54,M55,$N$2:N54,N55)>0,"SKIPPED - DUPLICATE","VALID - GENERATED")))) -> VALID - GENERATED | I55: Generated inside the A0 paper/DTF envelope. Generated dimensions round down to whole millimetres; below-minimum or duplicate candidates are skipped. | J55: ='05-ISO Reference'!$B$5 -> 841 | K55: ='05-ISO Reference'!$C$5 -> 1189 | L55: ='01-Process Controls'!$G$5 -> 3 | M55: =ROUNDDOWN(MIN(J55,K55*'04-Variant Rules'!$D$58),0) -> 668 | N55: =ROUNDDOWN(M55/'04-Variant Rules'!$D$58,0) -> 1187 | O55: 53
A56: A0-54 | B56: =IF(LEFT(H56,5)="VALID",M56,"") -> 841 | C56: =IF(LEFT(H56,5)="VALID",N56,"") -> 420 | D56: ISO | E56: A0 paper / DTF variant | F56: Fit 2:1 landscape | G56: Largest 2:1 rectangle inside the base. | H56: =IF(OR(M56<=0,N56<=0),"SKIPPED - NONPOSITIVE",IF(OR(M56<L56,N56<L56),"SKIPPED - BELOW MIN",IF(OR(M56>J56,N56>K56),"SKIPPED - EXCEEDS BASE",IF(COUNTIFS($M$2:M55,M56,$N$2:N55,N56)>0,"SKIPPED - DUPLICATE","VALID - GENERATED")))) -> VALID - GENERATED | I56: Generated inside the A0 paper/DTF envelope. Generated dimensions round down to whole millimetres; below-minimum or duplicate candidates are skipped. | J56: ='05-ISO Reference'!$B$5 -> 841 | K56: ='05-ISO Reference'!$C$5 -> 1189 | L56: ='01-Process Controls'!$G$5 -> 3 | M56: =ROUNDDOWN(MIN(J56,K56*'04-Variant Rules'!$D$59),0) -> 841 | N56: =ROUNDDOWN(M56/'04-Variant Rules'!$D$59,0) -> 420 | O56: 54
A57: A0-55 | B57: =IF(LEFT(H57,5)="VALID",M57,"") -> 594 | C57: =IF(LEFT(H57,5)="VALID",N57,"") -> 1188 | D57: ISO | E57: A0 paper / DTF variant | F57: Fit 1:2 portrait | G57: Largest 1:2 rectangle inside the base. | H57: =IF(OR(M57<=0,N57<=0),"SKIPPED - NONPOSITIVE",IF(OR(M57<L57,N57<L57),"SKIPPED - BELOW MIN",IF(OR(M57>J57,N57>K57),"SKIPPED - EXCEEDS BASE",IF(COUNTIFS($M$2:M56,M57,$N$2:N56,N57)>0,"SKIPPED - DUPLICATE","VALID - GENERATED")))) -> VALID - GENERATED | I57: Generated inside the A0 paper/DTF envelope. Generated dimensions round down to whole millimetres; below-minimum or duplicate candidates are skipped. | J57: ='05-ISO Reference'!$B$5 -> 841 | K57: ='05-ISO Reference'!$C$5 -> 1189 | L57: ='01-Process Controls'!$G$5 -> 3 | M57: =ROUNDDOWN(MIN(J57,K57*'04-Variant Rules'!$D$60),0) -> 594 | N57: =ROUNDDOWN(M57/'04-Variant Rules'!$D$60,0) -> 1188 | O57: 55
A58: A0-56 | D58: ISO-CUSTOM | E58: A0 custom paper / DTF slot | F58: Manual input | G58: User-defined size inside this base envelope | H58: =IF(AND(B58="",C58=""),"CUSTOM BLANK",IF(OR(B58="",C58=""),"ERROR - ENTER BOTH",IF(OR(B58<=0,C58<=0),"ERROR - NONPOSITIVE",IF(OR(B58<L58,C58<L58),"ERROR - BELOW MIN",IF(OR(AND(B58<=J58,C58<=K58),AND(B58<=K58,C58<=J58)),"VALID - CUSTOM","ERROR - EXCEEDS BASE"))))) -> CUSTOM BLANK | I58: Enter both dimensions as whole millimetres. Rotation is allowed for the paper envelope check, but the final garment orientation and press area must still be verified. | J58: ='05-ISO Reference'!$B$5 -> 841 | K58: ='05-ISO Reference'!$C$5 -> 1189 | L58: ='01-Process Controls'!$G$5 -> 3
A59: A0-57 | D59: ISO-CUSTOM | E59: A0 custom paper / DTF slot | F59: Manual input | G59: User-defined size inside this base envelope | H59: =IF(AND(B59="",C59=""),"CUSTOM BLANK",IF(OR(B59="",C59=""),"ERROR - ENTER BOTH",IF(OR(B59<=0,C59<=0),"ERROR - NONPOSITIVE",IF(OR(B59<L59,C59<L59),"ERROR - BELOW MIN",IF(OR(AND(B59<=J59,C59<=K59),AND(B59<=K59,C59<=J59)),"VALID - CUSTOM","ERROR - EXCEEDS BASE"))))) -> CUSTOM BLANK | I59: Enter both dimensions as whole millimetres. Rotation is allowed for the paper envelope check, but the final garment orientation and press area must still be verified. | J59: ='05-ISO Reference'!$B$5 -> 841 | K59: ='05-ISO Reference'!$C$5 -> 1189 | L59: ='01-Process Controls'!$G$5 -> 3
A60: A0-58 | D60: ISO-CUSTOM | E60: A0 custom paper / DTF slot | F60: Manual input | G60: User-defined size inside this base envelope | H60: =IF(AND(B60="",C60=""),"CUSTOM BLANK",IF(OR(B60="",C60=""),"ERROR - ENTER BOTH",IF(OR(B60<=0,C60<=0),"ERROR - NONPOSITIVE",IF(OR(B60<L60,C60<L60),"ERROR - BELOW MIN",IF(OR(AND(B60<=J60,C60<=K60),AND(B60<=K60,C60<=J60)),"VALID - CUSTOM","ERROR - EXCEEDS BASE"))))) -> CUSTOM BLANK | I60: Enter both dimensions as whole millimetres. Rotation is allowed for the paper envelope check, but the final garment orientation and press area must still be verified. | J60: ='05-ISO Reference'!$B$5 -> 841 | K60: ='05-ISO Reference'!$C$5 -> 1189 | L60: ='01-Process Controls'!$G$5 -> 3
A61: A0-59 | D61: ISO-CUSTOM | E61: A0 custom paper / DTF slot | F61: Manual input | G61: User-defined size inside this base envelope | H61: =IF(AND(B61="",C61=""),"CUSTOM BLANK",IF(OR(B61="",C61=""),"ERROR - ENTER BOTH",IF(OR(B61<=0,C61<=0),"ERROR - NONPOSITIVE",IF(OR(B61<L61,C61<L61),"ERROR - BELOW MIN",IF(OR(AND(B61<=J61,C61<=K61),AND(B61<=K61,C61<=J61)),"VALID - CUSTOM","ERROR - EXCEEDS BASE"))))) -> CUSTOM BLANK | I61: Enter both dimensions as whole millimetres. Rotation is allowed for the paper envelope check, but the final garment orientation and press area must still be verified. | J61: ='05-ISO Reference'!$B$5 -> 841 | K61: ='05-ISO Reference'!$C$5 -> 1189 | L61: ='01-Process Controls'!$G$5 -> 3
A62: A0-60 | D62: ISO-CUSTOM | E62: A0 custom paper / DTF slot | F62: Manual input | G62: User-defined size inside this base envelope | H62: =IF(AND(B62="",C62=""),"CUSTOM BLANK",IF(OR(B62="",C62=""),"ERROR - ENTER BOTH",IF(OR(B62<=0,C62<=0),"ERROR - NONPOSITIVE",IF(OR(B62<L62,C62<L62),"ERROR - BELOW MIN",IF(OR(AND(B62<=J62,C62<=K62),AND(B62<=K62,C62<=J62)),"VALID - CUSTOM","ERROR - EXCEEDS BASE"))))) -> CUSTOM BLANK | I62: Enter both dimensions as whole millimetres. Rotation is allowed for the paper envelope check, but the final garment orientation and press area must still be verified. | J62: ='05-ISO Reference'!$B$5 -> 841 | K62: ='05-ISO Reference'!$C$5 -> 1189 | L62: ='01-Process Controls'!$G$5 -> 3
A63: A0-61 | D63: ISO-CUSTOM | E63: A0 custom paper / DTF slot | F63: Manual input | G63: User-defined size inside this base envelope | H63: =IF(AND(B63="",C63=""),"CUSTOM BLANK",IF(OR(B63="",C63=""),"ERROR - ENTER BOTH",IF(OR(B63<=0,C63<=0),"ERROR - NONPOSITIVE",IF(OR(B63<L63,C63<L63),"ERROR - BELOW MIN",IF(OR(AND(B63<=J63,C63<=K63),AND(B63<=K63,C63<=J63)),"VALID - CUSTOM","ERROR - EXCEEDS BASE"))))) -> CUSTOM BLANK | I63: Enter both dimensions as whole millimetres. Rotation is allowed for the paper envelope check, but the final garment orientation and press area must still be verified. | J63: ='05-ISO Reference'!$B$5 -> 841 | K63: ='05-ISO Reference'!$C$5 -> 1189 | L63: ='01-Process Controls'!$G$5 -> 3
A64: A0-62 | D64: ISO-CUSTOM | E64: A0 custom paper / DTF slot | F64: Manual input | G64: User-defined size inside this base envelope | H64: =IF(AND(B64="",C64=""),"CUSTOM BLANK",IF(OR(B64="",C64=""),"ERROR - ENTER BOTH",IF(OR(B64<=0,C64<=0),"ERROR - NONPOSITIVE",IF(OR(B64<L64,C64<L64),"ERROR - BELOW MIN",IF(OR(AND(B64<=J64,C64<=K64),AND(B64<=K64,C64<=J64)),"VALID - CUSTOM","ERROR - EXCEEDS BASE"))))) -> CUSTOM BLANK | I64: Enter both dimensions as whole millimetres. Rotation is allowed for the paper envelope check, but the final garment orientation and press area must still be verified. | J64: ='05-ISO Reference'!$B$5 -> 841 | K64: ='05-ISO Reference'!$C$5 -> 1189 | L64: ='01-Process Controls'!$G$5 -> 3
A65: A0-63 | D65: ISO-CUSTOM | E65: A0 custom paper / DTF slot | F65: Manual input | G65: User-defined size inside this base envelope | H65: =IF(AND(B65="",C65=""),"CUSTOM BLANK",IF(OR(B65="",C65=""),"ERROR - ENTER BOTH",IF(OR(B65<=0,C65<=0),"ERROR - NONPOSITIVE",IF(OR(B65<L65,C65<L65),"ERROR - BELOW MIN",IF(OR(AND(B65<=J65,C65<=K65),AND(B65<=K65,C65<=J65)),"VALID - CUSTOM","ERROR - EXCEEDS BASE"))))) -> CUSTOM BLANK | I65: Enter both dimensions as whole millimetres. Rotation is allowed for the paper envelope check, but the final garment orientation and press area must still be verified. | J65: ='05-ISO Reference'!$B$5 -> 841 | K65: ='05-ISO Reference'!$C$5 -> 1189 | L65: ='01-Process Controls'!$G$5 -> 3
A66: A0-64 | D66: ISO-CUSTOM | E66: A0 custom paper / DTF slot | F66: Manual input | G66: User-defined size inside this base envelope | H66: =IF(AND(B66="",C66=""),"CUSTOM BLANK",IF(OR(B66="",C66=""),"ERROR - ENTER BOTH",IF(OR(B66<=0,C66<=0),"ERROR - NONPOSITIVE",IF(OR(B66<L66,C66<L66),"ERROR - BELOW MIN",IF(OR(AND(B66<=J66,C66<=K66),AND(B66<=K66,C66<=J66)),"VALID - CUSTOM","ERROR - EXCEEDS BASE"))))) -> CUSTOM BLANK | I66: Enter both dimensions as whole millimetres. Rotation is allowed for the paper envelope check, but the final garment orientation and press area must still be verified. | J66: ='05-ISO Reference'!$B$5 -> 841 | K66: ='05-ISO Reference'!$C$5 -> 1189 | L66: ='01-Process Controls'!$G$5 -> 3
A67: A0-65 | D67: ISO-CUSTOM | E67: A0 custom paper / DTF slot | F67: Manual input | G67: User-defined size inside this base envelope | H67: =IF(AND(B67="",C67=""),"CUSTOM BLANK",IF(OR(B67="",C67=""),"ERROR - ENTER BOTH",IF(OR(B67<=0,C67<=0),"ERROR - NONPOSITIVE",IF(OR(B67<L67,C67<L67),"ERROR - BELOW MIN",IF(OR(AND(B67<=J67,C67<=K67),AND(B67<=K67,C67<=J67)),"VALID - CUSTOM","ERROR - EXCEEDS BASE"))))) -> CUSTOM BLANK | I67: Enter both dimensions as whole millimetres. Rotation is allowed for the paper envelope check, but the final garment orientation and press area must still be verified. | J67: ='05-ISO Reference'!$B$5 -> 841 | K67: ='05-ISO Reference'!$C$5 -> 1189 | L67: ='01-Process Controls'!$G$5 -> 3
A68: A0-66 | D68: ISO-CUSTOM | E68: A0 custom paper / DTF slot | F68: Manual input | G68: User-defined size inside this base envelope | H68: =IF(AND(B68="",C68=""),"CUSTOM BLANK",IF(OR(B68="",C68=""),"ERROR - ENTER BOTH",IF(OR(B68<=0,C68<=0),"ERROR - NONPOSITIVE",IF(OR(B68<L68,C68<L68),"ERROR - BELOW MIN",IF(OR(AND(B68<=J68,C68<=K68),AND(B68<=K68,C68<=J68)),"VALID - CUSTOM","ERROR - EXCEEDS BASE"))))) -> CUSTOM BLANK | I68: Enter both dimensions as whole millimetres. Rotation is allowed for the paper envelope check, but the final garment orientation and press area must still be verified. | J68: ='05-ISO Reference'!$B$5 -> 841 | K68: ='05-ISO Reference'!$C$5 -> 1189 | L68: ='01-Process Controls'!$G$5 -> 3
A69: A0-67 | D69: ISO-CUSTOM | E69: A0 custom paper / DTF slot | F69: Manual input | G69: User-defined size inside this base envelope | H69: =IF(AND(B69="",C69=""),"CUSTOM BLANK",IF(OR(B69="",C69=""),"ERROR - ENTER BOTH",IF(OR(B69<=0,C69<=0),"ERROR - NONPOSITIVE",IF(OR(B69<L69,C69<L69),"ERROR - BELOW MIN",IF(OR(AND(B69<=J69,C69<=K69),AND(B69<=K69,C69<=J69)),"VALID - CUSTOM","ERROR - EXCEEDS BASE"))))) -> CUSTOM BLANK | I69: Enter both dimensions as whole millimetres. Rotation is allowed for the paper envelope check, but the final garment orientation and press area must still be verified. | J69: ='05-ISO Reference'!$B$5 -> 841 | K69: ='05-ISO Reference'!$C$5 -> 1189 | L69: ='01-Process Controls'!$G$5 -> 3
... A72: A0-70 | D72: ISO-CUSTOM | E72: A0 custom paper / DTF slot | F72: Manual input | G72: User-defined size inside this base envelope | H72: =IF(AND(B72="",C72=""),"CUSTOM BLANK",IF(OR(B72="",C72=""),"ERROR - ENTER BOTH",IF(OR(B72<=0,C72<=0),"ERROR - NONPOSITIVE",IF(OR(B72<L72,C72<L72),"ERROR - BELOW MIN",IF(OR(AND(B72<=J72,C72<=K72),AND(B72<=K72,C72<=J72)),"VALID - CUSTOM","ERROR - EXCEEDS BASE"))))) -> CUSTOM BLANK | I72: Enter both dimensions as whole millimetres. Rotation is allowed for the paper envelope check, but the final garment orientation and press area must still be verified. | J72: ='05-ISO Reference'!$B$5 -> 841 | K72: ='05-ISO Reference'!$C$5 -> 1189 | L72: ='01-Process Controls'!$G$5 -> 3
A73: A1 | B73: =IF(LEFT(H73,5)="VALID",M73,"") -> 594 | C73: =IF(LEFT(H73,5)="VALID",N73,"") -> 841 | D73: ISO | E73: A1 paper / DTF variant | F73: Full paper size | G73: Use the complete paper/transfer width and height. | H73: ="VALID - BASE" -> VALID - BASE | I73: Generated inside the A1 paper/DTF envelope. Generated dimensions round down to whole millimetres; below-minimum or duplicate candidates are skipped. | J73: ='05-ISO Reference'!$B$6 -> 594 | K73: ='05-ISO Reference'!$C$6 -> 841 | L73: ='01-Process Controls'!$G$5 -> 3 | M73: =ROUNDDOWN(J73,0) -> 594 | N73: =ROUNDDOWN(K73,0) -> 841 | O73: 0
A74: A1-1 | B74: =IF(LEFT(H74,5)="VALID",M74,"") -> 297 | C74: =IF(LEFT(H74,5)="VALID",N74,"") -> 841 | D74: ISO | E74: A1 paper / DTF variant | F74: Half width | G74: Half the width; full height. | H74: =IF(OR(M74<=0,N74<=0),"SKIPPED - NONPOSITIVE",IF(OR(M74<L74,N74<L74),"SKIPPED - BELOW MIN",IF(OR(M74>J74,N74>K74),"SKIPPED - EXCEEDS BASE",IF(COUNTIFS($M$73:M73,M74,$N$73:N73,N74)>0,"SKIPPED - DUPLICATE","VALID - GENERATED")))) -> VALID - GENERATED | I74: Generated inside the A1 paper/DTF envelope. Generated dimensions round down to whole millimetres; below-minimum or duplicate candidates are skipped. | J74: ='05-ISO Reference'!$B$6 -> 594 | K74: ='05-ISO Reference'!$C$6 -> 841 | L74: ='01-Process Controls'!$G$5 -> 3 | M74: =ROUNDDOWN(J74*'04-Variant Rules'!$D$6,0) -> 297 | N74: =ROUNDDOWN(K74,0) -> 841 | O74: 1
A75: A1-2 | B75: =IF(LEFT(H75,5)="VALID",M75,"") -> 198 | C75: =IF(LEFT(H75,5)="VALID",N75,"") -> 841 | D75: ISO | E75: A1 paper / DTF variant | F75: Third width | G75: One-third width; full height. | H75: =IF(OR(M75<=0,N75<=0),"SKIPPED - NONPOSITIVE",IF(OR(M75<L75,N75<L75),"SKIPPED - BELOW MIN",IF(OR(M75>J75,N75>K75),"SKIPPED - EXCEEDS BASE",IF(COUNTIFS($M$73:M74,M75,$N$73:N74,N75)>0,"SKIPPED - DUPLICATE","VALID - GENERATED")))) -> VALID - GENERATED | I75: Generated inside the A1 paper/DTF envelope. Generated dimensions round down to whole millimetres; below-minimum or duplicate candidates are skipped. | J75: ='05-ISO Reference'!$B$6 -> 594 | K75: ='05-ISO Reference'!$C$6 -> 841 | L75: ='01-Process Controls'!$G$5 -> 3 | M75: =ROUNDDOWN(J75*'04-Variant Rules'!$D$7,0) -> 198 | N75: =ROUNDDOWN(K75,0) -> 841 | O75: 2
A76: A1-3 | B76: =IF(LEFT(H76,5)="VALID",M76,"") -> 148 | C76: =IF(LEFT(H76,5)="VALID",N76,"") -> 841 | D76: ISO | E76: A1 paper / DTF variant | F76: Quarter width | G76: Quarter width; full height. | H76: =IF(OR(M76<=0,N76<=0),"SKIPPED - NONPOSITIVE",IF(OR(M76<L76,N76<L76),"SKIPPED - BELOW MIN",IF(OR(M76>J76,N76>K76),"SKIPPED - EXCEEDS BASE",IF(COUNTIFS($M$73:M75,M76,$N$73:N75,N76)>0,"SKIPPED - DUPLICATE","VALID - GENERATED")))) -> VALID - GENERATED | I76: Generated inside the A1 paper/DTF envelope. Generated dimensions round down to whole millimetres; below-minimum or duplicate candidates are skipped. | J76: ='05-ISO Reference'!$B$6 -> 594 | K76: ='05-ISO Reference'!$C$6 -> 841 | L76: ='01-Process Controls'!$G$5 -> 3 | M76: =ROUNDDOWN(J76*'04-Variant Rules'!$D$8,0) -> 148 | N76: =ROUNDDOWN(K76,0) -> 841 | O76: 3
A77: A1-4 | B77: =IF(LEFT(H77,5)="VALID",M77,"") -> 396 | C77: =IF(LEFT(H77,5)="VALID",N77,"") -> 841 | D77: ISO | E77: A1 paper / DTF variant | F77: Two-thirds width | G77: Two-thirds width; full height. | H77: =IF(OR(M77<=0,N77<=0),"SKIPPED - NONPOSITIVE",IF(OR(M77<L77,N77<L77),"SKIPPED - BELOW MIN",IF(OR(M77>J77,N77>K77),"SKIPPED - EXCEEDS BASE",IF(COUNTIFS($M$73:M76,M77,$N$73:N76,N77)>0,"SKIPPED - DUPLICATE","VALID - GENERATED")))) -> VALID - GENERATED | I77: Generated inside the A1 paper/DTF envelope. Generated dimensions round down to whole millimetres; below-minimum or duplicate candidates are skipped. | J77: ='05-ISO Reference'!$B$6 -> 594 | K77: ='05-ISO Reference'!$C$6 -> 841 | L77: ='01-Process Controls'!$G$5 -> 3 | M77: =ROUNDDOWN(J77*'04-Variant Rules'!$D$9,0) -> 396 | N77: =ROUNDDOWN(K77,0) -> 841 | O77: 4
A78: A1-5 | B78: =IF(LEFT(H78,5)="VALID",M78,"") -> 445 | C78: =IF(LEFT(H78,5)="VALID",N78,"") -> 841 | D78: ISO | E78: A1 paper / DTF variant | F78: Three-quarter width | G78: Three-quarter width; full height. | H78: =IF(OR(M78<=0,N78<=0),"SKIPPED - NONPOSITIVE",IF(OR(M78<L78,N78<L78),"SKIPPED - BELOW MIN",IF(OR(M78>J78,N78>K78),"SKIPPED - EXCEEDS BASE",IF(COUNTIFS($M$73:M77,M78,$N$73:N77,N78)>0,"SKIPPED - DUPLICATE","VALID - GENERATED")))) -> VALID - GENERATED | I78: Generated inside the A1 paper/DTF envelope. Generated dimensions round down to whole millimetres; below-minimum or duplicate candidates are skipped. | J78: ='05-ISO Reference'!$B$6 -> 594 | K78: ='05-ISO Reference'!$C$6 -> 841 | L78: ='01-Process Controls'!$G$5 -> 3 | M78: =ROUNDDOWN(J78*'04-Variant Rules'!$D$10,0) -> 445 | N78: =ROUNDDOWN(K78,0) -> 841 | O78: 5
A79: A1-6 | B79: =IF(LEFT(H79,5)="VALID",M79,"") -> 594 | C79: =IF(LEFT(H79,5)="VALID",N79,"") -> 420 | D79: ISO | E79: A1 paper / DTF variant | F79: Half height | G79: Full width; half height. | H79: =IF(OR(M79<=0,N79<=0),"SKIPPED - NONPOSITIVE",IF(OR(M79<L79,N79<L79),"SKIPPED - BELOW MIN",IF(OR(M79>J79,N79>K79),"SKIPPED - EXCEEDS BASE",IF(COUNTIFS($M$73:M78,M79,$N$73:N78,N79)>0,"SKIPPED - DUPLICATE","VALID - GENERATED")))) -> VALID - GENERATED | I79: Generated inside the A1 paper/DTF envelope. Generated dimensions round down to whole millimetres; below-minimum or duplicate candidates are skipped. | J79: ='05-ISO Reference'!$B$6 -> 594 | K79: ='05-ISO Reference'!$C$6 -> 841 | L79: ='01-Process Controls'!$G$5 -> 3 | M79: =ROUNDDOWN(J79,0) -> 594 | N79: =ROUNDDOWN(K79*'04-Variant Rules'!$D$11,0) -> 420 | O79: 6
A80: A1-7 | B80: =IF(LEFT(H80,5)="VALID",M80,"") -> 594 | C80: =IF(LEFT(H80,5)="VALID",N80,"") -> 280 | D80: ISO | E80: A1 paper / DTF variant | F80: Third height | G80: Full width; one-third height. | H80: =IF(OR(M80<=0,N80<=0),"SKIPPED - NONPOSITIVE",IF(OR(M80<L80,N80<L80),"SKIPPED - BELOW MIN",IF(OR(M80>J80,N80>K80),"SKIPPED - EXCEEDS BASE",IF(COUNTIFS($M$73:M79,M80,$N$73:N79,N80)>0,"SKIPPED - DUPLICATE","VALID - GENERATED")))) -> VALID - GENERATED | I80: Generated inside the A1 paper/DTF envelope. Generated dimensions round down to whole millimetres; below-minimum or duplicate candidates are skipped. | J80: ='05-ISO Reference'!$B$6 -> 594 | K80: ='05-ISO Reference'!$C$6 -> 841 | L80: ='01-Process Controls'!$G$5 -> 3 | M80: =ROUNDDOWN(J80,0) -> 594 | N80: =ROUNDDOWN(K80*'04-Variant Rules'!$D$12,0) -> 280 | O80: 7
A81: A1-8 | B81: =IF(LEFT(H81,5)="VALID",M81,"") -> 594 | C81: =IF(LEFT(H81,5)="VALID",N81,"") -> 210 | D81: ISO | E81: A1 paper / DTF variant | F81: Quarter height | G81: Full width; quarter height. | H81: =IF(OR(M81<=0,N81<=0),"SKIPPED - NONPOSITIVE",IF(OR(M81<L81,N81<L81),"SKIPPED - BELOW MIN",IF(OR(M81>J81,N81>K81),"SKIPPED - EXCEEDS BASE",IF(COUNTIFS($M$73:M80,M81,$N$73:N80,N81)>0,"SKIPPED - DUPLICATE","VALID - GENERATED")))) -> VALID - GENERATED | I81: Generated inside the A1 paper/DTF envelope. Generated dimensions round down to whole millimetres; below-minimum or duplicate candidates are skipped. | J81: ='05-ISO Reference'!$B$6 -> 594 | K81: ='05-ISO Reference'!$C$6 -> 841 | L81: ='01-Process Controls'!$G$5 -> 3 | M81: =ROUNDDOWN(J81,0) -> 594 | N81: =ROUNDDOWN(K81*'04-Variant Rules'!$D$13,0) -> 210 | O81: 8
A82: A1-9 | B82: =IF(LEFT(H82,5)="VALID",M82,"") -> 594 | C82: =IF(LEFT(H82,5)="VALID",N82,"") -> 560 | D82: ISO | E82: A1 paper / DTF variant | F82: Two-thirds height | G82: Full width; two-thirds height. | H82: =IF(OR(M82<=0,N82<=0),"SKIPPED - NONPOSITIVE",IF(OR(M82<L82,N82<L82),"SKIPPED - BELOW MIN",IF(OR(M82>J82,N82>K82),"SKIPPED - EXCEEDS BASE",IF(COUNTIFS($M$73:M81,M82,$N$73:N81,N82)>0,"SKIPPED - DUPLICATE","VALID - GENERATED")))) -> VALID - GENERATED | I82: Generated inside the A1 paper/DTF envelope. Generated dimensions round down to whole millimetres; below-minimum or duplicate candidates are skipped. | J82: ='05-ISO Reference'!$B$6 -> 594 | K82: ='05-ISO Reference'!$C$6 -> 841 | L82: ='01-Process Controls'!$G$5 -> 3 | M82: =ROUNDDOWN(J82,0) -> 594 | N82: =ROUNDDOWN(K82*'04-Variant Rules'!$D$14,0) -> 560 | O82: 9
A83: A1-10 | B83: =IF(LEFT(H83,5)="VALID",M83,"") -> 594 | C83: =IF(LEFT(H83,5)="VALID",N83,"") -> 630 | D83: ISO | E83: A1 paper / DTF variant | F83: Three-quarter height | G83: Full width; three-quarter height. | H83: =IF(OR(M83<=0,N83<=0),"SKIPPED - NONPOSITIVE",IF(OR(M83<L83,N83<L83),"SKIPPED - BELOW MIN",IF(OR(M83>J83,N83>K83),"SKIPPED - EXCEEDS BASE",IF(COUNTIFS($M$73:M82,M83,$N$73:N82,N83)>0,"SKIPPED - DUPLICATE","VALID - GENERATED")))) -> VALID - GENERATED | I83: Generated inside the A1 paper/DTF envelope. Generated dimensions round down to whole millimetres; below-minimum or duplicate candidates are skipped. | J83: ='05-ISO Reference'!$B$6 -> 594 | K83: ='05-ISO Reference'!$C$6 -> 841 | L83: ='01-Process Controls'!$G$5 -> 3 | M83: =ROUNDDOWN(J83,0) -> 594 | N83: =ROUNDDOWN(K83*'04-Variant Rules'!$D$15,0) -> 630 | O83: 10
A84: A1-11 | B84: =IF(LEFT(H84,5)="VALID",M84,"") -> 297 | C84: =IF(LEFT(H84,5)="VALID",N84,"") -> 420 | D84: ISO | E84: A1 paper / DTF variant | F84: Half both | G84: Half width and half height. | H84: =IF(OR(M84<=0,N84<=0),"SKIPPED - NONPOSITIVE",IF(OR(M84<L84,N84<L84),"SKIPPED - BELOW MIN",IF(OR(M84>J84,N84>K84),"SKIPPED - EXCEEDS BASE",IF(COUNTIFS($M$73:M83,M84,$N$73:N83,N84)>0,"SKIPPED - DUPLICATE","VALID - GENERATED")))) -> VALID - GENERATED | I84: Generated inside the A1 paper/DTF envelope. Generated dimensions round down to whole millimetres; below-minimum or duplicate candidates are skipped. | J84: ='05-ISO Reference'!$B$6 -> 594 | K84: ='05-ISO Reference'!$C$6 -> 841 | L84: ='01-Process Controls'!$G$5 -> 3 | M84: =ROUNDDOWN(J84*'04-Variant Rules'!$D$16,0) -> 297 | N84: =ROUNDDOWN(K84*'04-Variant Rules'!$E$16,0) -> 420 | O84: 11
A85: A1-12 | B85: =IF(LEFT(H85,5)="VALID",M85,"") -> 198 | C85: =IF(LEFT(H85,5)="VALID",N85,"") -> 280 | D85: ISO | E85: A1 paper / DTF variant | F85: Third both | G85: One-third width and height. | H85: =IF(OR(M85<=0,N85<=0),"SKIPPED - NONPOSITIVE",IF(OR(M85<L85,N85<L85),"SKIPPED - BELOW MIN",IF(OR(M85>J85,N85>K85),"SKIPPED - EXCEEDS BASE",IF(COUNTIFS($M$73:M84,M85,$N$73:N84,N85)>0,"SKIPPED - DUPLICATE","VALID - GENERATED")))) -> VALID - GENERATED | I85: Generated inside the A1 paper/DTF envelope. Generated dimensions round down to whole millimetres; below-minimum or duplicate candidates are skipped. | J85: ='05-ISO Reference'!$B$6 -> 594 | K85: ='05-ISO Reference'!$C$6 -> 841 | L85: ='01-Process Controls'!$G$5 -> 3 | M85: =ROUNDDOWN(J85*'04-Variant Rules'!$D$17,0) -> 198 | N85: =ROUNDDOWN(K85*'04-Variant Rules'!$E$17,0) -> 280 | O85: 12
A86: A1-13 | B86: =IF(LEFT(H86,5)="VALID",M86,"") -> 148 | C86: =IF(LEFT(H86,5)="VALID",N86,"") -> 210 | D86: ISO | E86: A1 paper / DTF variant | F86: Quarter both | G86: Quarter width and height. | H86: =IF(OR(M86<=0,N86<=0),"SKIPPED - NONPOSITIVE",IF(OR(M86<L86,N86<L86),"SKIPPED - BELOW MIN",IF(OR(M86>J86,N86>K86),"SKIPPED - EXCEEDS BASE",IF(COUNTIFS($M$73:M85,M86,$N$73:N85,N86)>0,"SKIPPED - DUPLICATE","VALID - GENERATED")))) -> VALID - GENERATED | I86: Generated inside the A1 paper/DTF envelope. Generated dimensions round down to whole millimetres; below-minimum or duplicate candidates are skipped. | J86: ='05-ISO Reference'!$B$6 -> 594 | K86: ='05-ISO Reference'!$C$6 -> 841 | L86: ='01-Process Controls'!$G$5 -> 3 | M86: =ROUNDDOWN(J86*'04-Variant Rules'!$D$18,0) -> 148 | N86: =ROUNDDOWN(K86*'04-Variant Rules'!$E$18,0) -> 210 | O86: 13
A87: A1-14 | B87: =IF(LEFT(H87,5)="VALID",M87,"") -> 297 | C87: =IF(LEFT(H87,5)="VALID",N87,"") -> 280 | D87: ISO | E87: A1 paper / DTF variant | F87: Half width x third height | G87: Mixed grid cell. | H87: =IF(OR(M87<=0,N87<=0),"SKIPPED - NONPOSITIVE",IF(OR(M87<L87,N87<L87),"SKIPPED - BELOW MIN",IF(OR(M87>J87,N87>K87),"SKIPPED - EXCEEDS BASE",IF(COUNTIFS($M$73:M86,M87,$N$73:N86,N87)>0,"SKIPPED - DUPLICATE","VALID - GENERATED")))) -> VALID - GENERATED | I87: Generated inside the A1 paper/DTF envelope. Generated dimensions round down to whole millimetres; below-minimum or duplicate candidates are skipped. | J87: ='05-ISO Reference'!$B$6 -> 594 | K87: ='05-ISO Reference'!$C$6 -> 841 | L87: ='01-Process Controls'!$G$5 -> 3 | M87: =ROUNDDOWN(J87*'04-Variant Rules'!$D$19,0) -> 297 | N87: =ROUNDDOWN(K87*'04-Variant Rules'!$E$19,0) -> 280 | O87: 14
A88: A1-15 | B88: =IF(LEFT(H88,5)="VALID",M88,"") -> 198 | C88: =IF(LEFT(H88,5)="VALID",N88,"") -> 420 | D88: ISO | E88: A1 paper / DTF variant | F88: Third width x half height | G88: Mixed grid cell. | H88: =IF(OR(M88<=0,N88<=0),"SKIPPED - NONPOSITIVE",IF(OR(M88<L88,N88<L88),"SKIPPED - BELOW MIN",IF(OR(M88>J88,N88>K88),"SKIPPED - EXCEEDS BASE",IF(COUNTIFS($M$73:M87,M88,$N$73:N87,N88)>0,"SKIPPED - DUPLICATE","VALID - GENERATED")))) -> VALID - GENERATED | I88: Generated inside the A1 paper/DTF envelope. Generated dimensions round down to whole millimetres; below-minimum or duplicate candidates are skipped. | J88: ='05-ISO Reference'!$B$6 -> 594 | K88: ='05-ISO Reference'!$C$6 -> 841 | L88: ='01-Process Controls'!$G$5 -> 3 | M88: =ROUNDDOWN(J88*'04-Variant Rules'!$D$20,0) -> 198 | N88: =ROUNDDOWN(K88*'04-Variant Rules'!$E$20,0) -> 420 | O88: 15
A89: A1-16 | B89: =IF(LEFT(H89,5)="VALID",M89,"") -> 297 | C89: =IF(LEFT(H89,5)="VALID",N89,"") -> 210 | D89: ISO | E89: A1 paper / DTF variant | F89: Half width x quarter height | G89: Mixed grid cell. | H89: =IF(OR(M89<=0,N89<=0),"SKIPPED - NONPOSITIVE",IF(OR(M89<L89,N89<L89),"SKIPPED - BELOW MIN",IF(OR(M89>J89,N89>K89),"SKIPPED - EXCEEDS BASE",IF(COUNTIFS($M$73:M88,M89,$N$73:N88,N89)>0,"SKIPPED - DUPLICATE","VALID - GENERATED")))) -> VALID - GENERATED | I89: Generated inside the A1 paper/DTF envelope. Generated dimensions round down to whole millimetres; below-minimum or duplicate candidates are skipped. | J89: ='05-ISO Reference'!$B$6 -> 594 | K89: ='05-ISO Reference'!$C$6 -> 841 | L89: ='01-Process Controls'!$G$5 -> 3 | M89: =ROUNDDOWN(J89*'04-Variant Rules'!$D$21,0) -> 297 | N89: =ROUNDDOWN(K89*'04-Variant Rules'!$E$21,0) -> 210 | O89: 16
A90: A1-17 | B90: =IF(LEFT(H90,5)="VALID",M90,"") -> 148 | C90: =IF(LEFT(H90,5)="VALID",N90,"") -> 420 | D90: ISO | E90: A1 paper / DTF variant | F90: Quarter width x half height | G90: Mixed grid cell. | H90: =IF(OR(M90<=0,N90<=0),"SKIPPED - NONPOSITIVE",IF(OR(M90<L90,N90<L90),"SKIPPED - BELOW MIN",IF(OR(M90>J90,N90>K90),"SKIPPED - EXCEEDS BASE",IF(COUNTIFS($M$73:M89,M90,$N$73:N89,N90)>0,"SKIPPED - DUPLICATE","VALID - GENERATED")))) -> VALID - GENERATED | I90: Generated inside the A1 paper/DTF envelope. Generated dimensions round down to whole millimetres; below-minimum or duplicate candidates are skipped. | J90: ='05-ISO Reference'!$B$6 -> 594 | K90: ='05-ISO Reference'!$C$6 -> 841 | L90: ='01-Process Controls'!$G$5 -> 3 | M90: =ROUNDDOWN(J90*'04-Variant Rules'!$D$22,0) -> 148 | N90: =ROUNDDOWN(K90*'04-Variant Rules'!$E$22,0) -> 420 | O90: 17
A91: A1-18 | B91: =IF(LEFT(H91,5)="VALID",M91,"") -> 396 | C91: =IF(LEFT(H91,5)="VALID",N91,"") -> 420 | D91: ISO | E91: A1 paper / DTF variant | F91: Two-thirds width x half height | G91: Mixed grid cell. | H91: =IF(OR(M91<=0,N91<=0),"SKIPPED - NONPOSITIVE",IF(OR(M91<L91,N91<L91),"SKIPPED - BELOW MIN",IF(OR(M91>J91,N91>K91),"SKIPPED - EXCEEDS BASE",IF(COUNTIFS($M$73:M90,M91,$N$73:N90,N91)>0,"SKIPPED - DUPLICATE","VALID - GENERATED")))) -> VALID - GENERATED | I91: Generated inside the A1 paper/DTF envelope. Generated dimensions round down to whole millimetres; below-minimum or duplicate candidates are skipped. | J91: ='05-ISO Reference'!$B$6 -> 594 | K91: ='05-ISO Reference'!$C$6 -> 841 | L91: ='01-Process Controls'!$G$5 -> 3 | M91: =ROUNDDOWN(J91*'04-Variant Rules'!$D$23,0) -> 396 | N91: =ROUNDDOWN(K91*'04-Variant Rules'!$E$23,0) -> 420 | O91: 18
A92: A1-19 | B92: =IF(LEFT(H92,5)="VALID",M92,"") -> 297 | C92: =IF(LEFT(H92,5)="VALID",N92,"") -> 560 | D92: ISO | E92: A1 paper / DTF variant | F92: Half width x two-thirds height | G92: Mixed grid cell. | H92: =IF(OR(M92<=0,N92<=0),"SKIPPED - NONPOSITIVE",IF(OR(M92<L92,N92<L92),"SKIPPED - BELOW MIN",IF(OR(M92>J92,N92>K92),"SKIPPED - EXCEEDS BASE",IF(COUNTIFS($M$73:M91,M92,$N$73:N91,N92)>0,"SKIPPED - DUPLICATE","VALID - GENERATED")))) -> VALID - GENERATED | I92: Generated inside the A1 paper/DTF envelope. Generated dimensions round down to whole millimetres; below-minimum or duplicate candidates are skipped. | J92: ='05-ISO Reference'!$B$6 -> 594 | K92: ='05-ISO Reference'!$C$6 -> 841 | L92: ='01-Process Controls'!$G$5 -> 3 | M92: =ROUNDDOWN(J92*'04-Variant Rules'!$D$24,0) -> 297 | N92: =ROUNDDOWN(K92*'04-Variant Rules'!$E$24,0) -> 560 | O92: 19
A93: A1-20 | B93: =IF(LEFT(H93,5)="VALID",M93,"") -> 445 | C93: =IF(LEFT(H93,5)="VALID",N93,"") -> 420 | D93: ISO | E93: A1 paper / DTF variant | F93: Three-quarter width x half height | G93: Mixed grid cell. | H93: =IF(OR(M93<=0,N93<=0),"SKIPPED - NONPOSITIVE",IF(OR(M93<L93,N93<L93),"SKIPPED - BELOW MIN",IF(OR(M93>J93,N93>K93),"SKIPPED - EXCEEDS BASE",IF(COUNTIFS($M$73:M92,M93,$N$73:N92,N93)>0,"SKIPPED - DUPLICATE","VALID - GENERATED")))) -> VALID - GENERATED | I93: Generated inside the A1 paper/DTF envelope. Generated dimensions round down to whole millimetres; below-minimum or duplicate candidates are skipped. | J93: ='05-ISO Reference'!$B$6 -> 594 | K93: ='05-ISO Reference'!$C$6 -> 841 | L93: ='01-Process Controls'!$G$5 -> 3 | M93: =ROUNDDOWN(J93*'04-Variant Rules'!$D$25,0) -> 445 | N93: =ROUNDDOWN(K93*'04-Variant Rules'!$E$25,0) -> 420 | O93: 20
A94: A1-21 | B94: =IF(LEFT(H94,5)="VALID",M94,"") -> 297 | C94: =IF(LEFT(H94,5)="VALID",N94,"") -> 630 | D94: ISO | E94: A1 paper / DTF variant | F94: Half width x three-quarter height | G94: Mixed grid cell. | H94: =IF(OR(M94<=0,N94<=0),"SKIPPED - NONPOSITIVE",IF(OR(M94<L94,N94<L94),"SKIPPED - BELOW MIN",IF(OR(M94>J94,N94>K94),"SKIPPED - EXCEEDS BASE",IF(COUNTIFS($M$73:M93,M94,$N$73:N93,N94)>0,"SKIPPED - DUPLICATE","VALID - GENERATED")))) -> VALID - GENERATED | I94: Generated inside the A1 paper/DTF envelope. Generated dimensions round down to whole millimetres; below-minimum or duplicate candidates are skipped. | J94: ='05-ISO Reference'!$B$6 -> 594 | K94: ='05-ISO Reference'!$C$6 -> 841 | L94: ='01-Process Controls'!$G$5 -> 3 | M94: =ROUNDDOWN(J94*'04-Variant Rules'!$D$26,0) -> 297 | N94: =ROUNDDOWN(K94*'04-Variant Rules'!$E$26,0) -> 630 | O94: 21
A95: A1-22 | B95: =IF(LEFT(H95,5)="VALID",M95,"") -> 564 | C95: =IF(LEFT(H95,5)="VALID",N95,"") -> 798 | D95: ISO | E95: A1 paper / DTF variant | F95: Scale 95% | G95: Proportional inset without fixed millimetre subtraction. | H95: =IF(OR(M95<=0,N95<=0),"SKIPPED - NONPOSITIVE",IF(OR(M95<L95,N95<L95),"SKIPPED - BELOW MIN",IF(OR(M95>J95,N95>K95),"SKIPPED - EXCEEDS BASE",IF(COUNTIFS($M$73:M94,M95,$N$73:N94,N95)>0,"SKIPPED - DUPLICATE","VALID - GENERATED")))) -> VALID - GENERATED | I95: Generated inside the A1 paper/DTF envelope. Generated dimensions round down to whole millimetres; below-minimum or duplicate candidates are skipped. | J95: ='05-ISO Reference'!$B$6 -> 594 | K95: ='05-ISO Reference'!$C$6 -> 841 | L95: ='01-Process Controls'!$G$5 -> 3 | M95: =ROUNDDOWN(J95*'04-Variant Rules'!$D$27,0) -> 564 | N95: =ROUNDDOWN(K95*'04-Variant Rules'!$E$27,0) -> 798 | O95: 22
A96: A1-23 | B96: =IF(LEFT(H96,5)="VALID",M96,"") -> 534 | C96: =IF(LEFT(H96,5)="VALID",N96,"") -> 756 | D96: ISO | E96: A1 paper / DTF variant | F96: Scale 90% | G96: Proportional scale. | H96: =IF(OR(M96<=0,N96<=0),"SKIPPED - NONPOSITIVE",IF(OR(M96<L96,N96<L96),"SKIPPED - BELOW MIN",IF(OR(M96>J96,N96>K96),"SKIPPED - EXCEEDS BASE",IF(COUNTIFS($M$73:M95,M96,$N$73:N95,N96)>0,"SKIPPED - DUPLICATE","VALID - GENERATED")))) -> VALID - GENERATED | I96: Generated inside the A1 paper/DTF envelope. Generated dimensions round down to whole millimetres; below-minimum or duplicate candidates are skipped. | J96: ='05-ISO Reference'!$B$6 -> 594 | K96: ='05-ISO Reference'!$C$6 -> 841 | L96: ='01-Process Controls'!$G$5 -> 3 | M96: =ROUNDDOWN(J96*'04-Variant Rules'!$D$28,0) -> 534 | N96: =ROUNDDOWN(K96*'04-Variant Rules'!$E$28,0) -> 756 | O96: 23
A97: A1-24 | B97: =IF(LEFT(H97,5)="VALID",M97,"") -> 504 | C97: =IF(LEFT(H97,5)="VALID",N97,"") -> 714 | D97: ISO | E97: A1 paper / DTF variant | F97: Scale 85% | G97: Proportional scale. | H97: =IF(OR(M97<=0,N97<=0),"SKIPPED - NONPOSITIVE",IF(OR(M97<L97,N97<L97),"SKIPPED - BELOW MIN",IF(OR(M97>J97,N97>K97),"SKIPPED - EXCEEDS BASE",IF(COUNTIFS($M$73:M96,M97,$N$73:N96,N97)>0,"SKIPPED - DUPLICATE","VALID - GENERATED")))) -> VALID - GENERATED | I97: Generated inside the A1 paper/DTF envelope. Generated dimensions round down to whole millimetres; below-minimum or duplicate candidates are skipped. | J97: ='05-ISO Reference'!$B$6 -> 594 | K97: ='05-ISO Reference'!$C$6 -> 841 | L97: ='01-Process Controls'!$G$5 -> 3 | M97: =ROUNDDOWN(J97*'04-Variant Rules'!$D$29,0) -> 504 | N97: =ROUNDDOWN(K97*'04-Variant Rules'!$E$29,0) -> 714 | O97: 24
A98: A1-25 | B98: =IF(LEFT(H98,5)="VALID",M98,"") -> 475 | C98: =IF(LEFT(H98,5)="VALID",N98,"") -> 672 | D98: ISO | E98: A1 paper / DTF variant | F98: Scale 80% | G98: Proportional scale. | H98: =IF(OR(M98<=0,N98<=0),"SKIPPED - NONPOSITIVE",IF(OR(M98<L98,N98<L98),"SKIPPED - BELOW MIN",IF(OR(M98>J98,N98>K98),"SKIPPED - EXCEEDS BASE",IF(COUNTIFS($M$73:M97,M98,$N$73:N97,N98)>0,"SKIPPED - DUPLICATE","VALID - GENERATED")))) -> VALID - GENERATED | I98: Generated inside the A1 paper/DTF envelope. Generated dimensions round down to whole millimetres; below-minimum or duplicate candidates are skipped. | J98: ='05-ISO Reference'!$B$6 -> 594 | K98: ='05-ISO Reference'!$C$6 -> 841 | L98: ='01-Process Controls'!$G$5 -> 3 | M98: =ROUNDDOWN(J98*'04-Variant Rules'!$D$30,0) -> 475 | N98: =ROUNDDOWN(K98*'04-Variant Rules'!$E$30,0) -> 672 | O98: 25
A99: A1-26 | B99: =IF(LEFT(H99,5)="VALID",M99,"") -> 445 | C99: =IF(LEFT(H99,5)="VALID",N99,"") -> 630 | D99: ISO | E99: A1 paper / DTF variant | F99: Scale 75% | G99: Proportional scale. | H99: =IF(OR(M99<=0,N99<=0),"SKIPPED - NONPOSITIVE",IF(OR(M99<L99,N99<L99),"SKIPPED - BELOW MIN",IF(OR(M99>J99,N99>K99),"SKIPPED - EXCEEDS BASE",IF(COUNTIFS($M$73:M98,M99,$N$73:N98,N99)>0,"SKIPPED - DUPLICATE","VALID - GENERATED")))) -> VALID - GENERATED | I99: Generated inside the A1 paper/DTF envelope. Generated dimensions round down to whole millimetres; below-minimum or duplicate candidates are skipped. | J99: ='05-ISO Reference'!$B$6 -> 594 | K99: ='05-ISO Reference'!$C$6 -> 841 | L99: ='01-Process Controls'!$G$5 -> 3 | M99: =ROUNDDOWN(J99*'04-Variant Rules'!$D$31,0) -> 445 | N99: =ROUNDDOWN(K99*'04-Variant Rules'!$E$31,0) -> 630 | O99: 26
A100: A1-27 | B100: =IF(LEFT(H100,5)="VALID",M100,"") -> 415 | C100: =IF(LEFT(H100,5)="VALID",N100,"") -> 588 | D100: ISO | E100: A1 paper / DTF variant | F100: Scale 70% | G100: Proportional scale. | H100: =IF(OR(M100<=0,N100<=0),"SKIPPED - NONPOSITIVE",IF(OR(M100<L100,N100<L100),"SKIPPED - BELOW MIN",IF(OR(M100>J100,N100>K100),"SKIPPED - EXCEEDS BASE",IF(COUNTIFS($M$73:M99,M100,$N$73:N99,N100)>0,"SKIPPED - DUPLICATE","VALID - GENERATED")))) -> VALID - GENERATED | I100: Generated inside the A1 paper/DTF envelope. Generated dimensions round down to whole millimetres; below-minimum or duplicate candidates are skipped. | J100: ='05-ISO Reference'!$B$6 -> 594 | K100: ='05-ISO Reference'!$C$6 -> 841 | L100: ='01-Process Controls'!$G$5 -> 3 | M100: =ROUNDDOWN(J100*'04-Variant Rules'!$D$32,0) -> 415 | N100: =ROUNDDOWN(K100*'04-Variant Rules'!$E$32,0) -> 588 | O100: 27
A101: A1-28 | B101: =IF(LEFT(H101,5)="VALID",M101,"") -> 396 | C101: =IF(LEFT(H101,5)="VALID",N101,"") -> 560 | D101: ISO | E101: A1 paper / DTF variant | F101: Scale 66.67% | G101: Proportional scale. | H101: =IF(OR(M101<=0,N101<=0),"SKIPPED - NONPOSITIVE",IF(OR(M101<L101,N101<L101),"SKIPPED - BELOW MIN",IF(OR(M101>J101,N101>K101),"SKIPPED - EXCEEDS BASE",IF(COUNTIFS($M$73:M100,M101,$N$73:N100,N101)>0,"SKIPPED - DUPLICATE","VALID - GENERATED")))) -> VALID - GENERATED | I101: Generated inside the A1 paper/DTF envelope. Generated dimensions round down to whole millimetres; below-minimum or duplicate candidates are skipped. | J101: ='05-ISO Reference'!$B$6 -> 594 | K101: ='05-ISO Reference'!$C$6 -> 841 | L101: ='01-Process Controls'!$G$5 -> 3 | M101: =ROUNDDOWN(J101*'04-Variant Rules'!$D$33,0) -> 396 | N101: =ROUNDDOWN(K101*'04-Variant Rules'!$E$33,0) -> 560 | O101: 28
A102: A1-29 | B102: =IF(LEFT(H102,5)="VALID",M102,"") -> 356 | C102: =IF(LEFT(H102,5)="VALID",N102,"") -> 504 | D102: ISO | E102: A1 paper / DTF variant | F102: Scale 60% | G102: Proportional scale. | H102: =IF(OR(M102<=0,N102<=0),"SKIPPED - NONPOSITIVE",IF(OR(M102<L102,N102<L102),"SKIPPED - BELOW MIN",IF(OR(M102>J102,N102>K102),"SKIPPED - EXCEEDS BASE",IF(COUNTIFS($M$73:M101,M102,$N$73:N101,N102)>0,"SKIPPED - DUPLICATE","VALID - GENERATED")))) -> VALID - GENERATED | I102: Generated inside the A1 paper/DTF envelope. Generated dimensions round down to whole millimetres; below-minimum or duplicate candidates are skipped. | J102: ='05-ISO Reference'!$B$6 -> 594 | K102: ='05-ISO Reference'!$C$6 -> 841 | L102: ='01-Process Controls'!$G$5 -> 3 | M102: =ROUNDDOWN(J102*'04-Variant Rules'!$D$34,0) -> 356 | N102: =ROUNDDOWN(K102*'04-Variant Rules'!$E$34,0) -> 504 | O102: 29
...

Sheet 03-POD Product Guide
A1: POD Product, Machine and Apparel Presets - A/B Codes Used for DTF
A2: DTF garment prints use the A/B entries in 02-Printing Size directly. All dimensions, including LCCO2, round down to whole millimetres. The apparel section below chooses the lowest full A/B paper code that fits each target position after applying a minimum starting code. Verify every final SKU with the supplier template, actual garment and heat-press setup.
A3: DTF rule: select the A/B base printing_size code itself. The base code is the full transfer size; for example A3 = A3 Full = 297 x 420 mm. Artwork may sit within the paper canvas and does not have to touch every edge.
A4: preset_code | B4: process_code | C4: product_or_use | D4: placement_or_shape | E4: width_mm | F4: height_mm | G4: preset_basis | H4: production_note | I4: source_url | J4: validation_status | K4: verify_before_production
A41: UV | B41: UV | C41: Nominal full bed | D41: Flatbed | E41: =ROUNDDOWN('01-Process Controls'!$D$7,0) -> 600 | F41: =ROUNDDOWN('01-Process Controls'!$E$7,0) -> 900 | G41: Machine-derived | H41: Nominal bed from process controls; fixtures may reduce this. | I41: https://mimaki.com/product/inkjet/i-flat/ujf-6042mkII-e/specification.html | J41: =IF(OR(E41<=0,F41<=0),"ERROR - NONPOSITIVE",IF(OR(E41<'01-Process Controls'!$G$7,F41<'01-Process Controls'!$G$7),"ERROR - BELOW MIN",IF(OR(AND(E41<='01-Process Controls'!$D$7-2*'01-Process Controls'!$H$7,F41<='01-Process Controls'!$E$7-2*'01-Process Controls'!$H$7),AND(E41<='01-Process Controls'!$E$7-2*'01-Process Controls'!$H$7,F41<='01-Process Controls'!$D$7-2*'01-Process Controls'!$H$7)),"VALID - SAFE",IF(OR(AND(E41<='01-Process Controls'!$D$7,F41<='01-Process Controls'!$E$7),AND(E41<='01-Process Controls'!$E$7,F41<='01-Process Controls'!$D$7)),"VALID - NOMINAL EDGE","ERROR - EXCEEDS BED")))) -> VALID - NOMINAL EDGE | K41: YES
A42: UV-1 | B42: UV | C42: Safe full bed | D42: Flatbed | E42: =ROUNDDOWN(MAX(1,'01-Process Controls'!$D$7-2*'01-Process Controls'!$H$7),0) -> 580 | F42: =ROUNDDOWN(MAX(1,'01-Process Controls'!$E$7-2*'01-Process Controls'!$H$7),0) -> 880 | G42: Machine-derived | H42: Configured safety margin applied on all sides. | I42: https://help.printful.com/hc/en-us/articles/10720620016540-What-is-the-safe-print-area | J42: =IF(OR(E42<=0,F42<=0),"ERROR - NONPOSITIVE",IF(OR(E42<'01-Process Controls'!$G$7,F42<'01-Process Controls'!$G$7),"ERROR - BELOW MIN",IF(OR(AND(E42<='01-Process Controls'!$D$7-2*'01-Process Controls'!$H$7,F42<='01-Process Controls'!$E$7-2*'01-Process Controls'!$H$7),AND(E42<='01-Process Controls'!$E$7-2*'01-Process Controls'!$H$7,F42<='01-Process Controls'!$D$7-2*'01-Process Controls'!$H$7)),"VALID - SAFE",IF(OR(AND(E42<='01-Process Controls'!$D$7,F42<='01-Process Controls'!$E$7),AND(E42<='01-Process Controls'!$E$7,F42<='01-Process Controls'!$D$7)),"VALID - NOMINAL EDGE","ERROR - EXCEEDS BED")))) -> VALID - SAFE | K42: YES
A43: UV-2 | B43: UV | C43: Half bed | D43: Landscape panel | E43: =ROUNDDOWN('01-Process Controls'!$D$7,0) -> 600 | F43: =ROUNDDOWN(ROUND('01-Process Controls'!$E$7/2,2),0) -> 450 | G43: Machine-derived | H43: Full width and half bed length. | J43: =IF(OR(E43<=0,F43<=0),"ERROR - NONPOSITIVE",IF(OR(E43<'01-Process Controls'!$G$7,F43<'01-Process Controls'!$G$7),"ERROR - BELOW MIN",IF(OR(AND(E43<='01-Process Controls'!$D$7-2*'01-Process Controls'!$H$7,F43<='01-Process Controls'!$E$7-2*'01-Process Controls'!$H$7),AND(E43<='01-Process Controls'!$E$7-2*'01-Process Controls'!$H$7,F43<='01-Process Controls'!$D$7-2*'01-Process Controls'!$H$7)),"VALID - SAFE",IF(OR(AND(E43<='01-Process Controls'!$D$7,F43<='01-Process Controls'!$E$7),AND(E43<='01-Process Controls'!$E$7,F43<='01-Process Controls'!$D$7)),"VALID - NOMINAL EDGE","ERROR - EXCEEDS BED")))) -> VALID - SAFE | K43: YES
A44: UV-3 | B44: UV | C44: A2 | D44: Portrait | E44: 420 | F44: 594 | G44: ISO-based | H44: Check actual bed/jig orientation. | I44: https://www.iso.org/standard/36631.html | J44: =IF(OR(E44<=0,F44<=0),"ERROR - NONPOSITIVE",IF(OR(E44<'01-Process Controls'!$G$7,F44<'01-Process Controls'!$G$7),"ERROR - BELOW MIN",IF(OR(AND(E44<='01-Process Controls'!$D$7-2*'01-Process Controls'!$H$7,F44<='01-Process Controls'!$E$7-2*'01-Process Controls'!$H$7),AND(E44<='01-Process Controls'!$E$7-2*'01-Process Controls'!$H$7,F44<='01-Process Controls'!$D$7-2*'01-Process Controls'!$H$7)),"VALID - SAFE",IF(OR(AND(E44<='01-Process Controls'!$D$7,F44<='01-Process Controls'!$E$7),AND(E44<='01-Process Controls'!$E$7,F44<='01-Process Controls'!$D$7)),"VALID - NOMINAL EDGE","ERROR - EXCEEDS BED")))) -> VALID - SAFE | K44: YES
A45: UV-4 | B45: UV | C45: A2 | D45: Landscape | E45: 594 | F45: 420 | G45: ISO-based | H45: Check actual bed/jig orientation. | I45: https://www.iso.org/standard/36631.html | J45: =IF(OR(E45<=0,F45<=0),"ERROR - NONPOSITIVE",IF(OR(E45<'01-Process Controls'!$G$7,F45<'01-Process Controls'!$G$7),"ERROR - BELOW MIN",IF(OR(AND(E45<='01-Process Controls'!$D$7-2*'01-Process Controls'!$H$7,F45<='01-Process Controls'!$E$7-2*'01-Process Controls'!$H$7),AND(E45<='01-Process Controls'!$E$7-2*'01-Process Controls'!$H$7,F45<='01-Process Controls'!$D$7-2*'01-Process Controls'!$H$7)),"VALID - SAFE",IF(OR(AND(E45<='01-Process Controls'!$D$7,F45<='01-Process Controls'!$E$7),AND(E45<='01-Process Controls'!$E$7,F45<='01-Process Controls'!$D$7)),"VALID - NOMINAL EDGE","ERROR - EXCEEDS BED")))) -> VALID - SAFE | K45: YES
A46: UV-5 | B46: UV | C46: A3 | D46: Portrait | E46: 297 | F46: 420 | G46: ISO-based | I46: https://www.iso.org/standard/36631.html | J46: =IF(OR(E46<=0,F46<=0),"ERROR - NONPOSITIVE",IF(OR(E46<'01-Process Controls'!$G$7,F46<'01-Process Controls'!$G$7),"ERROR - BELOW MIN",IF(OR(AND(E46<='01-Process Controls'!$D$7-2*'01-Process Controls'!$H$7,F46<='01-Process Controls'!$E$7-2*'01-Process Controls'!$H$7),AND(E46<='01-Process Controls'!$E$7-2*'01-Process Controls'!$H$7,F46<='01-Process Controls'!$D$7-2*'01-Process Controls'!$H$7)),"VALID - SAFE",IF(OR(AND(E46<='01-Process Controls'!$D$7,F46<='01-Process Controls'!$E$7),AND(E46<='01-Process Controls'!$E$7,F46<='01-Process Controls'!$D$7)),"VALID - NOMINAL EDGE","ERROR - EXCEEDS BED")))) -> VALID - SAFE | K46: YES
A47: UV-6 | B47: UV | C47: A4 | D47: Portrait | E47: 210 | F47: 297 | G47: ISO-based | I47: https://www.iso.org/standard/36631.html | J47: =IF(OR(E47<=0,F47<=0),"ERROR - NONPOSITIVE",IF(OR(E47<'01-Process Controls'!$G$7,F47<'01-Process Controls'!$G$7),"ERROR - BELOW MIN",IF(OR(AND(E47<='01-Process Controls'!$D$7-2*'01-Process Controls'!$H$7,F47<='01-Process Controls'!$E$7-2*'01-Process Controls'!$H$7),AND(E47<='01-Process Controls'!$E$7-2*'01-Process Controls'!$H$7,F47<='01-Process Controls'!$D$7-2*'01-Process Controls'!$H$7)),"VALID - SAFE",IF(OR(AND(E47<='01-Process Controls'!$D$7,F47<='01-Process Controls'!$E$7),AND(E47<='01-Process Controls'!$E$7,F47<='01-Process Controls'!$D$7)),"VALID - NOMINAL EDGE","ERROR - EXCEEDS BED")))) -> VALID - SAFE | K47: YES
A48: UV-7 | B48: UV | C48: A5 | D48: Portrait | E48: 148 | F48: 210 | G48: ISO-based | I48: https://www.iso.org/standard/36631.html | J48: =IF(OR(E48<=0,F48<=0),"ERROR - NONPOSITIVE",IF(OR(E48<'01-Process Controls'!$G$7,F48<'01-Process Controls'!$G$7),"ERROR - BELOW MIN",IF(OR(AND(E48<='01-Process Controls'!$D$7-2*'01-Process Controls'!$H$7,F48<='01-Process Controls'!$E$7-2*'01-Process Controls'!$H$7),AND(E48<='01-Process Controls'!$E$7-2*'01-Process Controls'!$H$7,F48<='01-Process Controls'!$D$7-2*'01-Process Controls'!$H$7)),"VALID - SAFE",IF(OR(AND(E48<='01-Process Controls'!$D$7,F48<='01-Process Controls'!$E$7),AND(E48<='01-Process Controls'!$E$7,F48<='01-Process Controls'!$D$7)),"VALID - NOMINAL EDGE","ERROR - EXCEEDS BED")))) -> VALID - SAFE | K48: YES
A49: UV-8 | B49: UV | C49: Rigid panel | D49: Square | E49: 300 | F49: 300 | G49: Shop starting preset | H49: Measure substrate and jig. | J49: =IF(OR(E49<=0,F49<=0),"ERROR - NONPOSITIVE",IF(OR(E49<'01-Process Controls'!$G$7,F49<'01-Process Controls'!$G$7),"ERROR - BELOW MIN",IF(OR(AND(E49<='01-Process Controls'!$D$7-2*'01-Process Controls'!$H$7,F49<='01-Process Controls'!$E$7-2*'01-Process Controls'!$H$7),AND(E49<='01-Process Controls'!$E$7-2*'01-Process Controls'!$H$7,F49<='01-Process Controls'!$D$7-2*'01-Process Controls'!$H$7)),"VALID - SAFE",IF(OR(AND(E49<='01-Process Controls'!$D$7,F49<='01-Process Controls'!$E$7),AND(E49<='01-Process Controls'!$E$7,F49<='01-Process Controls'!$D$7)),"VALID - NOMINAL EDGE","ERROR - EXCEEDS BED")))) -> VALID - SAFE | K49: YES
A50: UV-9 | B50: UV | C50: Rigid panel | D50: Square | E50: 250 | F50: 250 | G50: Shop starting preset | H50: Measure substrate and jig. | J50: =IF(OR(E50<=0,F50<=0),"ERROR - NONPOSITIVE",IF(OR(E50<'01-Process Controls'!$G$7,F50<'01-Process Controls'!$G$7),"ERROR - BELOW MIN",IF(OR(AND(E50<='01-Process Controls'!$D$7-2*'01-Process Controls'!$H$7,F50<='01-Process Controls'!$E$7-2*'01-Process Controls'!$H$7),AND(E50<='01-Process Controls'!$E$7-2*'01-Process Controls'!$H$7,F50<='01-Process Controls'!$D$7-2*'01-Process Controls'!$H$7)),"VALID - SAFE",IF(OR(AND(E50<='01-Process Controls'!$D$7,F50<='01-Process Controls'!$E$7),AND(E50<='01-Process Controls'!$E$7,F50<='01-Process Controls'!$D$7)),"VALID - NOMINAL EDGE","ERROR - EXCEEDS BED")))) -> VALID - SAFE | K50: YES
A51: UV-10 | B51: UV | C51: Rigid panel | D51: Square | E51: 200 | F51: 200 | G51: Shop starting preset | H51: Measure substrate and jig. | J51: =IF(OR(E51<=0,F51<=0),"ERROR - NONPOSITIVE",IF(OR(E51<'01-Process Controls'!$G$7,F51<'01-Process Controls'!$G$7),"ERROR - BELOW MIN",IF(OR(AND(E51<='01-Process Controls'!$D$7-2*'01-Process Controls'!$H$7,F51<='01-Process Controls'!$E$7-2*'01-Process Controls'!$H$7),AND(E51<='01-Process Controls'!$E$7-2*'01-Process Controls'!$H$7,F51<='01-Process Controls'!$D$7-2*'01-Process Controls'!$H$7)),"VALID - SAFE",IF(OR(AND(E51<='01-Process Controls'!$D$7,F51<='01-Process Controls'!$E$7),AND(E51<='01-Process Controls'!$E$7,F51<='01-Process Controls'!$D$7)),"VALID - NOMINAL EDGE","ERROR - EXCEEDS BED")))) -> VALID - SAFE | K51: YES
A52: UV-11 | B52: UV | C52: Rigid panel | D52: Square | E52: 150 | F52: 150 | G52: Shop starting preset | H52: Measure substrate and jig. | J52: =IF(OR(E52<=0,F52<=0),"ERROR - NONPOSITIVE",IF(OR(E52<'01-Process Controls'!$G$7,F52<'01-Process Controls'!$G$7),"ERROR - BELOW MIN",IF(OR(AND(E52<='01-Process Controls'!$D$7-2*'01-Process Controls'!$H$7,F52<='01-Process Controls'!$E$7-2*'01-Process Controls'!$H$7),AND(E52<='01-Process Controls'!$E$7-2*'01-Process Controls'!$H$7,F52<='01-Process Controls'!$D$7-2*'01-Process Controls'!$H$7)),"VALID - SAFE",IF(OR(AND(E52<='01-Process Controls'!$D$7,F52<='01-Process Controls'!$E$7),AND(E52<='01-Process Controls'!$E$7,F52<='01-Process Controls'!$D$7)),"VALID - NOMINAL EDGE","ERROR - EXCEEDS BED")))) -> VALID - SAFE | K52: YES
A53: UV-12 | B53: UV | C53: Rigid panel | D53: Square | E53: 120 | F53: 120 | G53: Shop starting preset | H53: Measure substrate and jig. | J53: =IF(OR(E53<=0,F53<=0),"ERROR - NONPOSITIVE",IF(OR(E53<'01-Process Controls'!$G$7,F53<'01-Process Controls'!$G$7),"ERROR - BELOW MIN",IF(OR(AND(E53<='01-Process Controls'!$D$7-2*'01-Process Controls'!$H$7,F53<='01-Process Controls'!$E$7-2*'01-Process Controls'!$H$7),AND(E53<='01-Process Controls'!$E$7-2*'01-Process Controls'!$H$7,F53<='01-Process Controls'!$D$7-2*'01-Process Controls'!$H$7)),"VALID - SAFE",IF(OR(AND(E53<='01-Process Controls'!$D$7,F53<='01-Process Controls'!$E$7),AND(E53<='01-Process Controls'!$E$7,F53<='01-Process Controls'!$D$7)),"VALID - NOMINAL EDGE","ERROR - EXCEEDS BED")))) -> VALID - SAFE | K53: YES
A54: UV-13 | B54: UV | C54: Small item | D54: Square | E54: 50 | F54: 50 | G54: Shop starting preset | H54: Check fixture and minimum detail. | J54: =IF(OR(E54<=0,F54<=0),"ERROR - NONPOSITIVE",IF(OR(E54<'01-Process Controls'!$G$7,F54<'01-Process Controls'!$G$7),"ERROR - BELOW MIN",IF(OR(AND(E54<='01-Process Controls'!$D$7-2*'01-Process Controls'!$H$7,F54<='01-Process Controls'!$E$7-2*'01-Process Controls'!$H$7),AND(E54<='01-Process Controls'!$E$7-2*'01-Process Controls'!$H$7,F54<='01-Process Controls'!$D$7-2*'01-Process Controls'!$H$7)),"VALID - SAFE",IF(OR(AND(E54<='01-Process Controls'!$D$7,F54<='01-Process Controls'!$E$7),AND(E54<='01-Process Controls'!$E$7,F54<='01-Process Controls'!$D$7)),"VALID - NOMINAL EDGE","ERROR - EXCEEDS BED")))) -> VALID - SAFE | K54: YES
A55: UV-14 | B55: UV | C55: Photo block | D55: Landscape | E55: 100 | F55: 75 | G55: Common blank starting preset | H55: Verify exact blank dimensions and printable face. | J55: =IF(OR(E55<=0,F55<=0),"ERROR - NONPOSITIVE",IF(OR(E55<'01-Process Controls'!$G$7,F55<'01-Process Controls'!$G$7),"ERROR - BELOW MIN",IF(OR(AND(E55<='01-Process Controls'!$D$7-2*'01-Process Controls'!$H$7,F55<='01-Process Controls'!$E$7-2*'01-Process Controls'!$H$7),AND(E55<='01-Process Controls'!$E$7-2*'01-Process Controls'!$H$7,F55<='01-Process Controls'!$D$7-2*'01-Process Controls'!$H$7)),"VALID - SAFE",IF(OR(AND(E55<='01-Process Controls'!$D$7,F55<='01-Process Controls'!$E$7),AND(E55<='01-Process Controls'!$E$7,F55<='01-Process Controls'!$D$7)),"VALID - NOMINAL EDGE","ERROR - EXCEEDS BED")))) -> VALID - SAFE | K55: YES
A56: UV-15 | B56: UV | C56: Photo block | D56: Landscape | E56: 150 | F56: 100 | G56: Common blank starting preset | H56: Verify exact blank dimensions and printable face. | J56: =IF(OR(E56<=0,F56<=0),"ERROR - NONPOSITIVE",IF(OR(E56<'01-Process Controls'!$G$7,F56<'01-Process Controls'!$G$7),"ERROR - BELOW MIN",IF(OR(AND(E56<='01-Process Controls'!$D$7-2*'01-Process Controls'!$H$7,F56<='01-Process Controls'!$E$7-2*'01-Process Controls'!$H$7),AND(E56<='01-Process Controls'!$E$7-2*'01-Process Controls'!$H$7,F56<='01-Process Controls'!$D$7-2*'01-Process Controls'!$H$7)),"VALID - SAFE",IF(OR(AND(E56<='01-Process Controls'!$D$7,F56<='01-Process Controls'!$E$7),AND(E56<='01-Process Controls'!$E$7,F56<='01-Process Controls'!$D$7)),"VALID - NOMINAL EDGE","ERROR - EXCEEDS BED")))) -> VALID - SAFE | K56: YES
A57: UV-16 | B57: UV | C57: Photo block | D57: Landscape | E57: 200 | F57: 150 | G57: Common blank starting preset | H57: Verify exact blank dimensions and printable face. | J57: =IF(OR(E57<=0,F57<=0),"ERROR - NONPOSITIVE",IF(OR(E57<'01-Process Controls'!$G$7,F57<'01-Process Controls'!$G$7),"ERROR - BELOW MIN",IF(OR(AND(E57<='01-Process Controls'!$D$7-2*'01-Process Controls'!$H$7,F57<='01-Process Controls'!$E$7-2*'01-Process Controls'!$H$7),AND(E57<='01-Process Controls'!$E$7-2*'01-Process Controls'!$H$7,F57<='01-Process Controls'!$D$7-2*'01-Process Controls'!$H$7)),"VALID - SAFE",IF(OR(AND(E57<='01-Process Controls'!$D$7,F57<='01-Process Controls'!$E$7),AND(E57<='01-Process Controls'!$E$7,F57<='01-Process Controls'!$D$7)),"VALID - NOMINAL EDGE","ERROR - EXCEEDS BED")))) -> VALID - SAFE | K57: YES
A58: UV-17 | B58: UV | C58: Photo block / panel | D58: Landscape | E58: 300 | F58: 200 | G58: Common blank starting preset | H58: Verify exact blank dimensions and printable face. | J58: =IF(OR(E58<=0,F58<=0),"ERROR - NONPOSITIVE",IF(OR(E58<'01-Process Controls'!$G$7,F58<'01-Process Controls'!$G$7),"ERROR - BELOW MIN",IF(OR(AND(E58<='01-Process Controls'!$D$7-2*'01-Process Controls'!$H$7,F58<='01-Process Controls'!$E$7-2*'01-Process Controls'!$H$7),AND(E58<='01-Process Controls'!$E$7-2*'01-Process Controls'!$H$7,F58<='01-Process Controls'!$D$7-2*'01-Process Controls'!$H$7)),"VALID - SAFE",IF(OR(AND(E58<='01-Process Controls'!$D$7,F58<='01-Process Controls'!$E$7),AND(E58<='01-Process Controls'!$E$7,F58<='01-Process Controls'!$D$7)),"VALID - NOMINAL EDGE","ERROR - EXCEEDS BED")))) -> VALID - SAFE | K58: YES
A59: UV-18 | B59: UV | C59: Acrylic sign | D59: Landscape | E59: 400 | F59: 300 | G59: Shop starting preset | H59: Allow finishing and mounting clearance. | J59: =IF(OR(E59<=0,F59<=0),"ERROR - NONPOSITIVE",IF(OR(E59<'01-Process Controls'!$G$7,F59<'01-Process Controls'!$G$7),"ERROR - BELOW MIN",IF(OR(AND(E59<='01-Process Controls'!$D$7-2*'01-Process Controls'!$H$7,F59<='01-Process Controls'!$E$7-2*'01-Process Controls'!$H$7),AND(E59<='01-Process Controls'!$E$7-2*'01-Process Controls'!$H$7,F59<='01-Process Controls'!$D$7-2*'01-Process Controls'!$H$7)),"VALID - SAFE",IF(OR(AND(E59<='01-Process Controls'!$D$7,F59<='01-Process Controls'!$E$7),AND(E59<='01-Process Controls'!$E$7,F59<='01-Process Controls'!$D$7)),"VALID - NOMINAL EDGE","ERROR - EXCEEDS BED")))) -> VALID - SAFE | K59: YES
A60: UV-19 | B60: UV | C60: Acrylic sign | D60: Landscape | E60: 500 | F60: 300 | G60: Shop starting preset | H60: Allow finishing and mounting clearance. | J60: =IF(OR(E60<=0,F60<=0),"ERROR - NONPOSITIVE",IF(OR(E60<'01-Process Controls'!$G$7,F60<'01-Process Controls'!$G$7),"ERROR - BELOW MIN",IF(OR(AND(E60<='01-Process Controls'!$D$7-2*'01-Process Controls'!$H$7,F60<='01-Process Controls'!$E$7-2*'01-Process Controls'!$H$7),AND(E60<='01-Process Controls'!$E$7-2*'01-Process Controls'!$H$7,F60<='01-Process Controls'!$D$7-2*'01-Process Controls'!$H$7)),"VALID - SAFE",IF(OR(AND(E60<='01-Process Controls'!$D$7,F60<='01-Process Controls'!$E$7),AND(E60<='01-Process Controls'!$E$7,F60<='01-Process Controls'!$D$7)),"VALID - NOMINAL EDGE","ERROR - EXCEEDS BED")))) -> VALID - SAFE | K60: YES
... A76: UV-35 | B76: UV | C76: Wide panel | D76: Landscape | E76: 600 | F76: 300 | G76: Shop starting preset | H76: Nominal full width; likely edge-margin caution. | J76: =IF(OR(E76<=0,F76<=0),"ERROR - NONPOSITIVE",IF(OR(E76<'01-Process Controls'!$G$7,F76<'01-Process Controls'!$G$7),"ERROR - BELOW MIN",IF(OR(AND(E76<='01-Process Controls'!$D$7-2*'01-Process Controls'!$H$7,F76<='01-Process Controls'!$E$7-2*'01-Process Controls'!$H$7),AND(E76<='01-Process Controls'!$E$7-2*'01-Process Controls'!$H$7,F76<='01-Process Controls'!$D$7-2*'01-Process Controls'!$H$7)),"VALID - SAFE",IF(OR(AND(E76<='01-Process Controls'!$D$7,F76<='01-Process Controls'!$E$7),AND(E76<='01-Process Controls'!$E$7,F76<='01-Process Controls'!$D$7)),"VALID - NOMINAL EDGE","ERROR - EXCEEDS BED")))) -> VALID - SAFE | K76: YES
A77: LCCO2 | B77: LCCO2 | C77: Nominal full bed | D77: Flatbed | E77: =ROUNDDOWN('01-Process Controls'!$D$8,0) -> 1300 | F77: =ROUNDDOWN('01-Process Controls'!$E$8,0) -> 900 | G77: Machine-derived | H77: Nominal working bed. | I77: https://www.troteclaser.com/en-tt/laser-machines/affordable-laser-cutter-r-series | J77: =IF(OR(E77<=0,F77<=0),"ERROR - NONPOSITIVE",IF(OR(E77<>ROUNDDOWN(E77,0),F77<>ROUNDDOWN(F77,0)),"ERROR - WHOLE MM ONLY",IF(OR(E77<'01-Process Controls'!$G$8,F77<'01-Process Controls'!$G$8),"ERROR - BELOW MIN",IF(OR(AND(E77<='01-Process Controls'!$D$8-2*'01-Process Controls'!$H$8,F77<='01-Process Controls'!$E$8-2*'01-Process Controls'!$H$8),AND(E77<='01-Process Controls'!$E$8-2*'01-Process Controls'!$H$8,F77<='01-Process Controls'!$D$8-2*'01-Process Controls'!$H$8)),"VALID - SAFE",IF(OR(AND(E77<='01-Process Controls'!$D$8,F77<='01-Process Controls'!$E$8),AND(E77<='01-Process Controls'!$E$8,F77<='01-Process Controls'!$D$8)),"VALID - NOMINAL EDGE","ERROR - EXCEEDS BED"))))) -> VALID - NOMINAL EDGE | K77: YES
A78: LCCO2-1 | B78: LCCO2 | C78: Safe full bed | D78: Flatbed | E78: =ROUNDDOWN(MAX(1,'01-Process Controls'!$D$8-2*'01-Process Controls'!$H$8),0) -> 1280 | F78: =ROUNDDOWN(MAX(1,'01-Process Controls'!$E$8-2*'01-Process Controls'!$H$8),0) -> 880 | G78: Machine-derived | H78: Configured safety margin applied. | J78: =IF(OR(E78<=0,F78<=0),"ERROR - NONPOSITIVE",IF(OR(E78<>ROUNDDOWN(E78,0),F78<>ROUNDDOWN(F78,0)),"ERROR - WHOLE MM ONLY",IF(OR(E78<'01-Process Controls'!$G$8,F78<'01-Process Controls'!$G$8),"ERROR - BELOW MIN",IF(OR(AND(E78<='01-Process Controls'!$D$8-2*'01-Process Controls'!$H$8,F78<='01-Process Controls'!$E$8-2*'01-Process Controls'!$H$8),AND(E78<='01-Process Controls'!$E$8-2*'01-Process Controls'!$H$8,F78<='01-Process Controls'!$D$8-2*'01-Process Controls'!$H$8)),"VALID - SAFE",IF(OR(AND(E78<='01-Process Controls'!$D$8,F78<='01-Process Controls'!$E$8),AND(E78<='01-Process Controls'!$E$8,F78<='01-Process Controls'!$D$8)),"VALID - NOMINAL EDGE","ERROR - EXCEEDS BED"))))) -> VALID - SAFE | K78: YES
A79: LCCO2-2 | B79: LCCO2 | C79: Stock sheet | D79: Landscape | E79: 1200 | F79: 900 | G79: Common stock starting preset | H79: Verify actual material sheet and bed clearance. | J79: =IF(OR(E79<=0,F79<=0),"ERROR - NONPOSITIVE",IF(OR(E79<>ROUNDDOWN(E79,0),F79<>ROUNDDOWN(F79,0)),"ERROR - WHOLE MM ONLY",IF(OR(E79<'01-Process Controls'!$G$8,F79<'01-Process Controls'!$G$8),"ERROR - BELOW MIN",IF(OR(AND(E79<='01-Process Controls'!$D$8-2*'01-Process Controls'!$H$8,F79<='01-Process Controls'!$E$8-2*'01-Process Controls'!$H$8),AND(E79<='01-Process Controls'!$E$8-2*'01-Process Controls'!$H$8,F79<='01-Process Controls'!$D$8-2*'01-Process Controls'!$H$8)),"VALID - SAFE",IF(OR(AND(E79<='01-Process Controls'!$D$8,F79<='01-Process Controls'!$E$8),AND(E79<='01-Process Controls'!$E$8,F79<='01-Process Controls'!$D$8)),"VALID - NOMINAL EDGE","ERROR - EXCEEDS BED"))))) -> VALID - NOMINAL EDGE | K79: YES
A80: LCCO2-3 | B80: LCCO2 | C80: Stock sheet | D80: Landscape | E80: 1200 | F80: 600 | G80: Common stock starting preset | H80: Verify actual material sheet and bed clearance. | J80: =IF(OR(E80<=0,F80<=0),"ERROR - NONPOSITIVE",IF(OR(E80<>ROUNDDOWN(E80,0),F80<>ROUNDDOWN(F80,0)),"ERROR - WHOLE MM ONLY",IF(OR(E80<'01-Process Controls'!$G$8,F80<'01-Process Controls'!$G$8),"ERROR - BELOW MIN",IF(OR(AND(E80<='01-Process Controls'!$D$8-2*'01-Process Controls'!$H$8,F80<='01-Process Controls'!$E$8-2*'01-Process Controls'!$H$8),AND(E80<='01-Process Controls'!$E$8-2*'01-Process Controls'!$H$8,F80<='01-Process Controls'!$D$8-2*'01-Process Controls'!$H$8)),"VALID - SAFE",IF(OR(AND(E80<='01-Process Controls'!$D$8,F80<='01-Process Controls'!$E$8),AND(E80<='01-Process Controls'!$E$8,F80<='01-Process Controls'!$D$8)),"VALID - NOMINAL EDGE","ERROR - EXCEEDS BED"))))) -> VALID - SAFE | K80: YES
A81: LCCO2-4 | B81: LCCO2 | C81: Stock sheet | D81: Landscape | E81: 900 | F81: 600 | G81: Common stock starting preset | H81: Verify actual material sheet and bed clearance. | J81: =IF(OR(E81<=0,F81<=0),"ERROR - NONPOSITIVE",IF(OR(E81<>ROUNDDOWN(E81,0),F81<>ROUNDDOWN(F81,0)),"ERROR - WHOLE MM ONLY",IF(OR(E81<'01-Process Controls'!$G$8,F81<'01-Process Controls'!$G$8),"ERROR - BELOW MIN",IF(OR(AND(E81<='01-Process Controls'!$D$8-2*'01-Process Controls'!$H$8,F81<='01-Process Controls'!$E$8-2*'01-Process Controls'!$H$8),AND(E81<='01-Process Controls'!$E$8-2*'01-Process Controls'!$H$8,F81<='01-Process Controls'!$D$8-2*'01-Process Controls'!$H$8)),"VALID - SAFE",IF(OR(AND(E81<='01-Process Controls'!$D$8,F81<='01-Process Controls'!$E$8),AND(E81<='01-Process Controls'!$E$8,F81<='01-Process Controls'!$D$8)),"VALID - NOMINAL EDGE","ERROR - EXCEEDS BED"))))) -> VALID - SAFE | K81: YES
A82: LCCO2-5 | B82: LCCO2 | C82: Stock sheet | D82: Landscape | E82: 600 | F82: 450 | G82: Common stock starting preset | H82: Verify actual material sheet and bed clearance. | J82: =IF(OR(E82<=0,F82<=0),"ERROR - NONPOSITIVE",IF(OR(E82<>ROUNDDOWN(E82,0),F82<>ROUNDDOWN(F82,0)),"ERROR - WHOLE MM ONLY",IF(OR(E82<'01-Process Controls'!$G$8,F82<'01-Process Controls'!$G$8),"ERROR - BELOW MIN",IF(OR(AND(E82<='01-Process Controls'!$D$8-2*'01-Process Controls'!$H$8,F82<='01-Process Controls'!$E$8-2*'01-Process Controls'!$H$8),AND(E82<='01-Process Controls'!$E$8-2*'01-Process Controls'!$H$8,F82<='01-Process Controls'!$D$8-2*'01-Process Controls'!$H$8)),"VALID - SAFE",IF(OR(AND(E82<='01-Process Controls'!$D$8,F82<='01-Process Controls'!$E$8),AND(E82<='01-Process Controls'!$E$8,F82<='01-Process Controls'!$D$8)),"VALID - NOMINAL EDGE","ERROR - EXCEEDS BED"))))) -> VALID - SAFE | K82: YES
A83: LCCO2-6 | B83: LCCO2 | C83: Stock sheet | D83: Landscape | E83: 600 | F83: 300 | G83: Common stock starting preset | H83: Verify actual material sheet and bed clearance. | J83: =IF(OR(E83<=0,F83<=0),"ERROR - NONPOSITIVE",IF(OR(E83<>ROUNDDOWN(E83,0),F83<>ROUNDDOWN(F83,0)),"ERROR - WHOLE MM ONLY",IF(OR(E83<'01-Process Controls'!$G$8,F83<'01-Process Controls'!$G$8),"ERROR - BELOW MIN",IF(OR(AND(E83<='01-Process Controls'!$D$8-2*'01-Process Controls'!$H$8,F83<='01-Process Controls'!$E$8-2*'01-Process Controls'!$H$8),AND(E83<='01-Process Controls'!$E$8-2*'01-Process Controls'!$H$8,F83<='01-Process Controls'!$D$8-2*'01-Process Controls'!$H$8)),"VALID - SAFE",IF(OR(AND(E83<='01-Process Controls'!$D$8,F83<='01-Process Controls'!$E$8),AND(E83<='01-Process Controls'!$E$8,F83<='01-Process Controls'!$D$8)),"VALID - NOMINAL EDGE","ERROR - EXCEEDS BED"))))) -> VALID - SAFE | K83: YES
A84: LCCO2-7 | B84: LCCO2 | C84: Stock sheet | D84: Landscape | E84: 400 | F84: 300 | G84: Common stock starting preset | H84: Verify actual material sheet and bed clearance. | J84: =IF(OR(E84<=0,F84<=0),"ERROR - NONPOSITIVE",IF(OR(E84<>ROUNDDOWN(E84,0),F84<>ROUNDDOWN(F84,0)),"ERROR - WHOLE MM ONLY",IF(OR(E84<'01-Process Controls'!$G$8,F84<'01-Process Controls'!$G$8),"ERROR - BELOW MIN",IF(OR(AND(E84<='01-Process Controls'!$D$8-2*'01-Process Controls'!$H$8,F84<='01-Process Controls'!$E$8-2*'01-Process Controls'!$H$8),AND(E84<='01-Process Controls'!$E$8-2*'01-Process Controls'!$H$8,F84<='01-Process Controls'!$D$8-2*'01-Process Controls'!$H$8)),"VALID - SAFE",IF(OR(AND(E84<='01-Process Controls'!$D$8,F84<='01-Process Controls'!$E$8),AND(E84<='01-Process Controls'!$E$8,F84<='01-Process Controls'!$D$8)),"VALID - NOMINAL EDGE","ERROR - EXCEEDS BED"))))) -> VALID - SAFE | K84: YES
A85: LCCO2-8 | B85: LCCO2 | C85: Stock sheet | D85: Landscape | E85: 300 | F85: 200 | G85: Common stock starting preset | H85: Verify actual material sheet and bed clearance. | J85: =IF(OR(E85<=0,F85<=0),"ERROR - NONPOSITIVE",IF(OR(E85<>ROUNDDOWN(E85,0),F85<>ROUNDDOWN(F85,0)),"ERROR - WHOLE MM ONLY",IF(OR(E85<'01-Process Controls'!$G$8,F85<'01-Process Controls'!$G$8),"ERROR - BELOW MIN",IF(OR(AND(E85<='01-Process Controls'!$D$8-2*'01-Process Controls'!$H$8,F85<='01-Process Controls'!$E$8-2*'01-Process Controls'!$H$8),AND(E85<='01-Process Controls'!$E$8-2*'01-Process Controls'!$H$8,F85<='01-Process Controls'!$D$8-2*'01-Process Controls'!$H$8)),"VALID - SAFE",IF(OR(AND(E85<='01-Process Controls'!$D$8,F85<='01-Process Controls'!$E$8),AND(E85<='01-Process Controls'!$E$8,F85<='01-Process Controls'!$D$8)),"VALID - NOMINAL EDGE","ERROR - EXCEEDS BED"))))) -> VALID - SAFE | K85: YES
A86: LCCO2-9 | B86: LCCO2 | C86: A2 | D86: Landscape | E86: 594 | F86: 420 | G86: ISO-based | H86: Bounding box only. | I86: https://www.iso.org/standard/36631.html | J86: =IF(OR(E86<=0,F86<=0),"ERROR - NONPOSITIVE",IF(OR(E86<>ROUNDDOWN(E86,0),F86<>ROUNDDOWN(F86,0)),"ERROR - WHOLE MM ONLY",IF(OR(E86<'01-Process Controls'!$G$8,F86<'01-Process Controls'!$G$8),"ERROR - BELOW MIN",IF(OR(AND(E86<='01-Process Controls'!$D$8-2*'01-Process Controls'!$H$8,F86<='01-Process Controls'!$E$8-2*'01-Process Controls'!$H$8),AND(E86<='01-Process Controls'!$E$8-2*'01-Process Controls'!$H$8,F86<='01-Process Controls'!$D$8-2*'01-Process Controls'!$H$8)),"VALID - SAFE",IF(OR(AND(E86<='01-Process Controls'!$D$8,F86<='01-Process Controls'!$E$8),AND(E86<='01-Process Controls'!$E$8,F86<='01-Process Controls'!$D$8)),"VALID - NOMINAL EDGE","ERROR - EXCEEDS BED"))))) -> VALID - SAFE | K86: YES
A87: LCCO2-10 | B87: LCCO2 | C87: A3 | D87: Landscape | E87: 420 | F87: 297 | G87: ISO-based | H87: Bounding box only. | I87: https://www.iso.org/standard/36631.html | J87: =IF(OR(E87<=0,F87<=0),"ERROR - NONPOSITIVE",IF(OR(E87<>ROUNDDOWN(E87,0),F87<>ROUNDDOWN(F87,0)),"ERROR - WHOLE MM ONLY",IF(OR(E87<'01-Process Controls'!$G$8,F87<'01-Process Controls'!$G$8),"ERROR - BELOW MIN",IF(OR(AND(E87<='01-Process Controls'!$D$8-2*'01-Process Controls'!$H$8,F87<='01-Process Controls'!$E$8-2*'01-Process Controls'!$H$8),AND(E87<='01-Process Controls'!$E$8-2*'01-Process Controls'!$H$8,F87<='01-Process Controls'!$D$8-2*'01-Process Controls'!$H$8)),"VALID - SAFE",IF(OR(AND(E87<='01-Process Controls'!$D$8,F87<='01-Process Controls'!$E$8),AND(E87<='01-Process Controls'!$E$8,F87<='01-Process Controls'!$D$8)),"VALID - NOMINAL EDGE","ERROR - EXCEEDS BED"))))) -> VALID - SAFE | K87: YES
A88: LCCO2-11 | B88: LCCO2 | C88: A4 | D88: Landscape | E88: 297 | F88: 210 | G88: ISO-based | H88: Bounding box only. | I88: https://www.iso.org/standard/36631.html | J88: =IF(OR(E88<=0,F88<=0),"ERROR - NONPOSITIVE",IF(OR(E88<>ROUNDDOWN(E88,0),F88<>ROUNDDOWN(F88,0)),"ERROR - WHOLE MM ONLY",IF(OR(E88<'01-Process Controls'!$G$8,F88<'01-Process Controls'!$G$8),"ERROR - BELOW MIN",IF(OR(AND(E88<='01-Process Controls'!$D$8-2*'01-Process Controls'!$H$8,F88<='01-Process Controls'!$E$8-2*'01-Process Controls'!$H$8),AND(E88<='01-Process Controls'!$E$8-2*'01-Process Controls'!$H$8,F88<='01-Process Controls'!$D$8-2*'01-Process Controls'!$H$8)),"VALID - SAFE",IF(OR(AND(E88<='01-Process Controls'!$D$8,F88<='01-Process Controls'!$E$8),AND(E88<='01-Process Controls'!$E$8,F88<='01-Process Controls'!$D$8)),"VALID - NOMINAL EDGE","ERROR - EXCEEDS BED"))))) -> VALID - SAFE | K88: YES
A89: LCCO2-12 | B89: LCCO2 | C89: Panel | D89: Square | E89: 500 | F89: 500 | G89: Shop starting preset | H89: Kerf and clamp clearance not included. | J89: =IF(OR(E89<=0,F89<=0),"ERROR - NONPOSITIVE",IF(OR(E89<>ROUNDDOWN(E89,0),F89<>ROUNDDOWN(F89,0)),"ERROR - WHOLE MM ONLY",IF(OR(E89<'01-Process Controls'!$G$8,F89<'01-Process Controls'!$G$8),"ERROR - BELOW MIN",IF(OR(AND(E89<='01-Process Controls'!$D$8-2*'01-Process Controls'!$H$8,F89<='01-Process Controls'!$E$8-2*'01-Process Controls'!$H$8),AND(E89<='01-Process Controls'!$E$8-2*'01-Process Controls'!$H$8,F89<='01-Process Controls'!$D$8-2*'01-Process Controls'!$H$8)),"VALID - SAFE",IF(OR(AND(E89<='01-Process Controls'!$D$8,F89<='01-Process Controls'!$E$8),AND(E89<='01-Process Controls'!$E$8,F89<='01-Process Controls'!$D$8)),"VALID - NOMINAL EDGE","ERROR - EXCEEDS BED"))))) -> VALID - SAFE | K89: YES
A90: LCCO2-13 | B90: LCCO2 | C90: Panel | D90: Square | E90: 400 | F90: 400 | G90: Shop starting preset | H90: Kerf and clamp clearance not included. | J90: =IF(OR(E90<=0,F90<=0),"ERROR - NONPOSITIVE",IF(OR(E90<>ROUNDDOWN(E90,0),F90<>ROUNDDOWN(F90,0)),"ERROR - WHOLE MM ONLY",IF(OR(E90<'01-Process Controls'!$G$8,F90<'01-Process Controls'!$G$8),"ERROR - BELOW MIN",IF(OR(AND(E90<='01-Process Controls'!$D$8-2*'01-Process Controls'!$H$8,F90<='01-Process Controls'!$E$8-2*'01-Process Controls'!$H$8),AND(E90<='01-Process Controls'!$E$8-2*'01-Process Controls'!$H$8,F90<='01-Process Controls'!$D$8-2*'01-Process Controls'!$H$8)),"VALID - SAFE",IF(OR(AND(E90<='01-Process Controls'!$D$8,F90<='01-Process Controls'!$E$8),AND(E90<='01-Process Controls'!$E$8,F90<='01-Process Controls'!$D$8)),"VALID - NOMINAL EDGE","ERROR - EXCEEDS BED"))))) -> VALID - SAFE | K90: YES
A91: LCCO2-14 | B91: LCCO2 | C91: Panel | D91: Square | E91: 300 | F91: 300 | G91: Shop starting preset | H91: Kerf and clamp clearance not included. | J91: =IF(OR(E91<=0,F91<=0),"ERROR - NONPOSITIVE",IF(OR(E91<>ROUNDDOWN(E91,0),F91<>ROUNDDOWN(F91,0)),"ERROR - WHOLE MM ONLY",IF(OR(E91<'01-Process Controls'!$G$8,F91<'01-Process Controls'!$G$8),"ERROR - BELOW MIN",IF(OR(AND(E91<='01-Process Controls'!$D$8-2*'01-Process Controls'!$H$8,F91<='01-Process Controls'!$E$8-2*'01-Process Controls'!$H$8),AND(E91<='01-Process Controls'!$E$8-2*'01-Process Controls'!$H$8,F91<='01-Process Controls'!$D$8-2*'01-Process Controls'!$H$8)),"VALID - SAFE",IF(OR(AND(E91<='01-Process Controls'!$D$8,F91<='01-Process Controls'!$E$8),AND(E91<='01-Process Controls'!$E$8,F91<='01-Process Controls'!$D$8)),"VALID - NOMINAL EDGE","ERROR - EXCEEDS BED"))))) -> VALID - SAFE | K91: YES
A92: LCCO2-15 | B92: LCCO2 | C92: Panel | D92: Square | E92: 250 | F92: 250 | G92: Shop starting preset | H92: Kerf and clamp clearance not included. | J92: =IF(OR(E92<=0,F92<=0),"ERROR - NONPOSITIVE",IF(OR(E92<>ROUNDDOWN(E92,0),F92<>ROUNDDOWN(F92,0)),"ERROR - WHOLE MM ONLY",IF(OR(E92<'01-Process Controls'!$G$8,F92<'01-Process Controls'!$G$8),"ERROR - BELOW MIN",IF(OR(AND(E92<='01-Process Controls'!$D$8-2*'01-Process Controls'!$H$8,F92<='01-Process Controls'!$E$8-2*'01-Process Controls'!$H$8),AND(E92<='01-Process Controls'!$E$8-2*'01-Process Controls'!$H$8,F92<='01-Process Controls'!$D$8-2*'01-Process Controls'!$H$8)),"VALID - SAFE",IF(OR(AND(E92<='01-Process Controls'!$D$8,F92<='01-Process Controls'!$E$8),AND(E92<='01-Process Controls'!$E$8,F92<='01-Process Controls'!$D$8)),"VALID - NOMINAL EDGE","ERROR - EXCEEDS BED"))))) -> VALID - SAFE | K92: YES
A93: LCCO2-16 | B93: LCCO2 | C93: Panel | D93: Square | E93: 200 | F93: 200 | G93: Shop starting preset | H93: Kerf and clamp clearance not included. | J93: =IF(OR(E93<=0,F93<=0),"ERROR - NONPOSITIVE",IF(OR(E93<>ROUNDDOWN(E93,0),F93<>ROUNDDOWN(F93,0)),"ERROR - WHOLE MM ONLY",IF(OR(E93<'01-Process Controls'!$G$8,F93<'01-Process Controls'!$G$8),"ERROR - BELOW MIN",IF(OR(AND(E93<='01-Process Controls'!$D$8-2*'01-Process Controls'!$H$8,F93<='01-Process Controls'!$E$8-2*'01-Process Controls'!$H$8),AND(E93<='01-Process Controls'!$E$8-2*'01-Process Controls'!$H$8,F93<='01-Process Controls'!$D$8-2*'01-Process Controls'!$H$8)),"VALID - SAFE",IF(OR(AND(E93<='01-Process Controls'!$D$8,F93<='01-Process Controls'!$E$8),AND(E93<='01-Process Controls'!$E$8,F93<='01-Process Controls'!$D$8)),"VALID - NOMINAL EDGE","ERROR - EXCEEDS BED"))))) -> VALID - SAFE | K93: YES
A94: LCCO2-17 | B94: LCCO2 | C94: Panel | D94: Square | E94: 150 | F94: 150 | G94: Shop starting preset | H94: Kerf and clamp clearance not included. | J94: =IF(OR(E94<=0,F94<=0),"ERROR - NONPOSITIVE",IF(OR(E94<>ROUNDDOWN(E94,0),F94<>ROUNDDOWN(F94,0)),"ERROR - WHOLE MM ONLY",IF(OR(E94<'01-Process Controls'!$G$8,F94<'01-Process Controls'!$G$8),"ERROR - BELOW MIN",IF(OR(AND(E94<='01-Process Controls'!$D$8-2*'01-Process Controls'!$H$8,F94<='01-Process Controls'!$E$8-2*'01-Process Controls'!$H$8),AND(E94<='01-Process Controls'!$E$8-2*'01-Process Controls'!$H$8,F94<='01-Process Controls'!$D$8-2*'01-Process Controls'!$H$8)),"VALID - SAFE",IF(OR(AND(E94<='01-Process Controls'!$D$8,F94<='01-Process Controls'!$E$8),AND(E94<='01-Process Controls'!$E$8,F94<='01-Process Controls'!$D$8)),"VALID - NOMINAL EDGE","ERROR - EXCEEDS BED"))))) -> VALID - SAFE | K94: YES
A95: LCCO2-18 | B95: LCCO2 | C95: Panel | D95: Square | E95: 120 | F95: 120 | G95: Shop starting preset | H95: Kerf and clamp clearance not included. | J95: =IF(OR(E95<=0,F95<=0),"ERROR - NONPOSITIVE",IF(OR(E95<>ROUNDDOWN(E95,0),F95<>ROUNDDOWN(F95,0)),"ERROR - WHOLE MM ONLY",IF(OR(E95<'01-Process Controls'!$G$8,F95<'01-Process Controls'!$G$8),"ERROR - BELOW MIN",IF(OR(AND(E95<='01-Process Controls'!$D$8-2*'01-Process Controls'!$H$8,F95<='01-Process Controls'!$E$8-2*'01-Process Controls'!$H$8),AND(E95<='01-Process Controls'!$E$8-2*'01-Process Controls'!$H$8,F95<='01-Process Controls'!$D$8-2*'01-Process Controls'!$H$8)),"VALID - SAFE",IF(OR(AND(E95<='01-Process Controls'!$D$8,F95<='01-Process Controls'!$E$8),AND(E95<='01-Process Controls'!$E$8,F95<='01-Process Controls'!$D$8)),"VALID - NOMINAL EDGE","ERROR - EXCEEDS BED"))))) -> VALID - SAFE | K95: YES
A96: LCCO2-19 | B96: LCCO2 | C96: Keychain | D96: Square | E96: 30 | F96: 30 | G96: Common blank starting preset | H96: Allow hole and edge clearance. | J96: =IF(OR(E96<=0,F96<=0),"ERROR - NONPOSITIVE",IF(OR(E96<>ROUNDDOWN(E96,0),F96<>ROUNDDOWN(F96,0)),"ERROR - WHOLE MM ONLY",IF(OR(E96<'01-Process Controls'!$G$8,F96<'01-Process Controls'!$G$8),"ERROR - BELOW MIN",IF(OR(AND(E96<='01-Process Controls'!$D$8-2*'01-Process Controls'!$H$8,F96<='01-Process Controls'!$E$8-2*'01-Process Controls'!$H$8),AND(E96<='01-Process Controls'!$E$8-2*'01-Process Controls'!$H$8,F96<='01-Process Controls'!$D$8-2*'01-Process Controls'!$H$8)),"VALID - SAFE",IF(OR(AND(E96<='01-Process Controls'!$D$8,F96<='01-Process Controls'!$E$8),AND(E96<='01-Process Controls'!$E$8,F96<='01-Process Controls'!$D$8)),"VALID - NOMINAL EDGE","ERROR - EXCEEDS BED"))))) -> VALID - SAFE | K96: YES
A97: LCCO2-20 | B97: LCCO2 | C97: Keychain | D97: Square | E97: 40 | F97: 40 | G97: Common blank starting preset | H97: Allow hole and edge clearance. | J97: =IF(OR(E97<=0,F97<=0),"ERROR - NONPOSITIVE",IF(OR(E97<>ROUNDDOWN(E97,0),F97<>ROUNDDOWN(F97,0)),"ERROR - WHOLE MM ONLY",IF(OR(E97<'01-Process Controls'!$G$8,F97<'01-Process Controls'!$G$8),"ERROR - BELOW MIN",IF(OR(AND(E97<='01-Process Controls'!$D$8-2*'01-Process Controls'!$H$8,F97<='01-Process Controls'!$E$8-2*'01-Process Controls'!$H$8),AND(E97<='01-Process Controls'!$E$8-2*'01-Process Controls'!$H$8,F97<='01-Process Controls'!$D$8-2*'01-Process Controls'!$H$8)),"VALID - SAFE",IF(OR(AND(E97<='01-Process Controls'!$D$8,F97<='01-Process Controls'!$E$8),AND(E97<='01-Process Controls'!$E$8,F97<='01-Process Controls'!$D$8)),"VALID - NOMINAL EDGE","ERROR - EXCEEDS BED"))))) -> VALID - SAFE | K97: YES
A98: LCCO2-21 | B98: LCCO2 | C98: Keychain | D98: Square | E98: 50 | F98: 50 | G98: Common blank starting preset | H98: Allow hole and edge clearance. | J98: =IF(OR(E98<=0,F98<=0),"ERROR - NONPOSITIVE",IF(OR(E98<>ROUNDDOWN(E98,0),F98<>ROUNDDOWN(F98,0)),"ERROR - WHOLE MM ONLY",IF(OR(E98<'01-Process Controls'!$G$8,F98<'01-Process Controls'!$G$8),"ERROR - BELOW MIN",IF(OR(AND(E98<='01-Process Controls'!$D$8-2*'01-Process Controls'!$H$8,F98<='01-Process Controls'!$E$8-2*'01-Process Controls'!$H$8),AND(E98<='01-Process Controls'!$E$8-2*'01-Process Controls'!$H$8,F98<='01-Process Controls'!$D$8-2*'01-Process Controls'!$H$8)),"VALID - SAFE",IF(OR(AND(E98<='01-Process Controls'!$D$8,F98<='01-Process Controls'!$E$8),AND(E98<='01-Process Controls'!$E$8,F98<='01-Process Controls'!$D$8)),"VALID - NOMINAL EDGE","ERROR - EXCEEDS BED"))))) -> VALID - SAFE | K98: YES
A99: LCCO2-22 | B99: LCCO2 | C99: Keychain | D99: Landscape | E99: 60 | F99: 40 | G99: Common blank starting preset | H99: Allow hole and edge clearance. | J99: =IF(OR(E99<=0,F99<=0),"ERROR - NONPOSITIVE",IF(OR(E99<>ROUNDDOWN(E99,0),F99<>ROUNDDOWN(F99,0)),"ERROR - WHOLE MM ONLY",IF(OR(E99<'01-Process Controls'!$G$8,F99<'01-Process Controls'!$G$8),"ERROR - BELOW MIN",IF(OR(AND(E99<='01-Process Controls'!$D$8-2*'01-Process Controls'!$H$8,F99<='01-Process Controls'!$E$8-2*'01-Process Controls'!$H$8),AND(E99<='01-Process Controls'!$E$8-2*'01-Process Controls'!$H$8,F99<='01-Process Controls'!$D$8-2*'01-Process Controls'!$H$8)),"VALID - SAFE",IF(OR(AND(E99<='01-Process Controls'!$D$8,F99<='01-Process Controls'!$E$8),AND(E99<='01-Process Controls'!$E$8,F99<='01-Process Controls'!$D$8)),"VALID - NOMINAL EDGE","ERROR - EXCEEDS BED"))))) -> VALID - SAFE | K99: YES
A100: LCCO2-23 | B100: LCCO2 | C100: Coaster | D100: Square | E100: 90 | F100: 90 | G100: Common blank starting preset | H100: Adjust for kerf and finishing. | J100: =IF(OR(E100<=0,F100<=0),"ERROR - NONPOSITIVE",IF(OR(E100<>ROUNDDOWN(E100,0),F100<>ROUNDDOWN(F100,0)),"ERROR - WHOLE MM ONLY",IF(OR(E100<'01-Process Controls'!$G$8,F100<'01-Process Controls'!$G$8),"ERROR - BELOW MIN",IF(OR(AND(E100<='01-Process Controls'!$D$8-2*'01-Process Controls'!$H$8,F100<='01-Process Controls'!$E$8-2*'01-Process Controls'!$H$8),AND(E100<='01-Process Controls'!$E$8-2*'01-Process Controls'!$H$8,F100<='01-Process Controls'!$D$8-2*'01-Process Controls'!$H$8)),"VALID - SAFE",IF(OR(AND(E100<='01-Process Controls'!$D$8,F100<='01-Process Controls'!$E$8),AND(E100<='01-Process Controls'!$E$8,F100<='01-Process Controls'!$D$8)),"VALID - NOMINAL EDGE","ERROR - EXCEEDS BED"))))) -> VALID - SAFE | K100: YES
... A112: LCCO2-35 | B112: LCCO2 | C112: Long strip | D112: Landscape | E112: 1200 | F112: 100 | G112: Shop starting preset | H112: Check bed position and material bow. | J112: =IF(OR(E112<=0,F112<=0),"ERROR - NONPOSITIVE",IF(OR(E112<>ROUNDDOWN(E112,0),F112<>ROUNDDOWN(F112,0)),"ERROR - WHOLE MM ONLY",IF(OR(E112<'01-Process Controls'!$G$8,F112<'01-Process Controls'!$G$8),"ERROR - BELOW MIN",IF(OR(AND(E112<='01-Process Controls'!$D$8-2*'01-Process Controls'!$H$8,F112<='01-Process Controls'!$E$8-2*'01-Process Controls'!$H$8),AND(E112<='01-Process Controls'!$E$8-2*'01-Process Controls'!$H$8,F112<='01-Process Controls'!$D$8-2*'01-Process Controls'!$H$8)),"VALID - SAFE",IF(OR(AND(E112<='01-Process Controls'!$D$8,F112<='01-Process Controls'!$E$8),AND(E112<='01-Process Controls'!$E$8,F112<='01-Process Controls'!$D$8)),"VALID - NOMINAL EDGE","ERROR - EXCEEDS BED"))))) -> VALID - SAFE | K112: YES
A113: SINK | B113: SINK | C113: Default full-width panel | D113: Banner / roll panel | E113: =ROUNDDOWN('01-Process Controls'!$D$9,0) -> 1600 | F113: =ROUNDDOWN('01-Process Controls'!$F$9,0) -> 1000 | G113: Machine-derived | H113: Full configured roll width and default panel length. | I113: https://downloadcenter.rolanddg.com/contents/manuals/VG3-640_INS_EN/gxd1623374300487.html | J113: =IF(OR(E113<=0,F113<=0),"ERROR - NONPOSITIVE",IF(OR(E113<'01-Process Controls'!$G$9,F113<'01-Process Controls'!$G$9),"ERROR - BELOW MIN",IF(E113<='01-Process Controls'!$D$9-2*'01-Process Controls'!$H$9,"VALID - SAFE",IF(E113<='01-Process Controls'!$D$9,"VALID - NOMINAL EDGE","ERROR - EXCEEDS ROLL WIDTH")))) -> VALID - NOMINAL EDGE | K113: YES
A114: SINK-1 | B114: SINK | C114: Safe default panel | D114: Banner / roll panel | E114: =ROUNDDOWN(MAX(1,'01-Process Controls'!$D$9-2*'01-Process Controls'!$H$9),0) -> 1580 | F114: =ROUNDDOWN(MAX(1,'01-Process Controls'!$F$9-2*'01-Process Controls'!$H$9),0) -> 980 | G114: Machine-derived | H114: Safety margin applied to the default panel. | J114: =IF(OR(E114<=0,F114<=0),"ERROR - NONPOSITIVE",IF(OR(E114<'01-Process Controls'!$G$9,F114<'01-Process Controls'!$G$9),"ERROR - BELOW MIN",IF(E114<='01-Process Controls'!$D$9-2*'01-Process Controls'!$H$9,"VALID - SAFE",IF(E114<='01-Process Controls'!$D$9,"VALID - NOMINAL EDGE","ERROR - EXCEEDS ROLL WIDTH")))) -> VALID - SAFE | K114: YES
A115: SINK-2 | B115: SINK | C115: Small banner | D115: Portrait | E115: 600 | F115: 900 | G115: Shop starting preset | H115: Add hems, eyelets and finishing allowances separately. | J115: =IF(OR(E115<=0,F115<=0),"ERROR - NONPOSITIVE",IF(OR(E115<'01-Process Controls'!$G$9,F115<'01-Process Controls'!$G$9),"ERROR - BELOW MIN",IF(E115<='01-Process Controls'!$D$9-2*'01-Process Controls'!$H$9,"VALID - SAFE",IF(E115<='01-Process Controls'!$D$9,"VALID - NOMINAL EDGE","ERROR - EXCEEDS ROLL WIDTH")))) -> VALID - SAFE | K115: YES
A116: SINK-3 | B116: SINK | C116: Pull-up / small banner | D116: Portrait | E116: 600 | F116: 1200 | G116: Shop starting preset | H116: Confirm hardware visible area. | J116: =IF(OR(E116<=0,F116<=0),"ERROR - NONPOSITIVE",IF(OR(E116<'01-Process Controls'!$G$9,F116<'01-Process Controls'!$G$9),"ERROR - BELOW MIN",IF(E116<='01-Process Controls'!$D$9-2*'01-Process Controls'!$H$9,"VALID - SAFE",IF(E116<='01-Process Controls'!$D$9,"VALID - NOMINAL EDGE","ERROR - EXCEEDS ROLL WIDTH")))) -> VALID - SAFE | K116: YES
A117: SINK-4 | B117: SINK | C117: Tall banner | D117: Portrait | E117: 600 | F117: 1800 | G117: Shop starting preset | H117: Confirm finishing and hardware. | J117: =IF(OR(E117<=0,F117<=0),"ERROR - NONPOSITIVE",IF(OR(E117<'01-Process Controls'!$G$9,F117<'01-Process Controls'!$G$9),"ERROR - BELOW MIN",IF(E117<='01-Process Controls'!$D$9-2*'01-Process Controls'!$H$9,"VALID - SAFE",IF(E117<='01-Process Controls'!$D$9,"VALID - NOMINAL EDGE","ERROR - EXCEEDS ROLL WIDTH")))) -> VALID - SAFE | K117: YES
A118: SINK-5 | B118: SINK | C118: Banner | D118: Portrait | E118: 800 | F118: 1200 | G118: Shop starting preset | H118: Add hems/eyelets separately. | J118: =IF(OR(E118<=0,F118<=0),"ERROR - NONPOSITIVE",IF(OR(E118<'01-Process Controls'!$G$9,F118<'01-Process Controls'!$G$9),"ERROR - BELOW MIN",IF(E118<='01-Process Controls'!$D$9-2*'01-Process Controls'!$H$9,"VALID - SAFE",IF(E118<='01-Process Controls'!$D$9,"VALID - NOMINAL EDGE","ERROR - EXCEEDS ROLL WIDTH")))) -> VALID - SAFE | K118: YES
A119: SINK-6 | B119: SINK | C119: Banner | D119: Portrait | E119: 800 | F119: 1800 | G119: Shop starting preset | H119: Add hems/eyelets separately. | J119: =IF(OR(E119<=0,F119<=0),"ERROR - NONPOSITIVE",IF(OR(E119<'01-Process Controls'!$G$9,F119<'01-Process Controls'!$G$9),"ERROR - BELOW MIN",IF(E119<='01-Process Controls'!$D$9-2*'01-Process Controls'!$H$9,"VALID - SAFE",IF(E119<='01-Process Controls'!$D$9,"VALID - NOMINAL EDGE","ERROR - EXCEEDS ROLL WIDTH")))) -> VALID - SAFE | K119: YES
A120: SINK-7 | B120: SINK | C120: Banner | D120: Portrait | E120: 800 | F120: 2000 | G120: Shop starting preset | H120: Add hems/eyelets separately. | J120: =IF(OR(E120<=0,F120<=0),"ERROR - NONPOSITIVE",IF(OR(E120<'01-Process Controls'!$G$9,F120<'01-Process Controls'!$G$9),"ERROR - BELOW MIN",IF(E120<='01-Process Controls'!$D$9-2*'01-Process Controls'!$H$9,"VALID - SAFE",IF(E120<='01-Process Controls'!$D$9,"VALID - NOMINAL EDGE","ERROR - EXCEEDS ROLL WIDTH")))) -> VALID - SAFE | K120: YES
A121: SINK-8 | B121: SINK | C121: Square banner | D121: Square | E121: 1000 | F121: 1000 | G121: Shop starting preset | H121: Add hems/eyelets separately. | J121: =IF(OR(E121<=0,F121<=0),"ERROR - NONPOSITIVE",IF(OR(E121<'01-Process Controls'!$G$9,F121<'01-Process Controls'!$G$9),"ERROR - BELOW MIN",IF(E121<='01-Process Controls'!$D$9-2*'01-Process Controls'!$H$9,"VALID - SAFE",IF(E121<='01-Process Controls'!$D$9,"VALID - NOMINAL EDGE","ERROR - EXCEEDS ROLL WIDTH")))) -> VALID - SAFE | K121: YES
A122: SINK-9 | B122: SINK | C122: Banner | D122: Portrait | E122: 1000 | F122: 1500 | G122: Shop starting preset | H122: Add hems/eyelets separately. | J122: =IF(OR(E122<=0,F122<=0),"ERROR - NONPOSITIVE",IF(OR(E122<'01-Process Controls'!$G$9,F122<'01-Process Controls'!$G$9),"ERROR - BELOW MIN",IF(E122<='01-Process Controls'!$D$9-2*'01-Process Controls'!$H$9,"VALID - SAFE",IF(E122<='01-Process Controls'!$D$9,"VALID - NOMINAL EDGE","ERROR - EXCEEDS ROLL WIDTH")))) -> VALID - SAFE | K122: YES
A123: SINK-10 | B123: SINK | C123: Banner | D123: Portrait | E123: 1000 | F123: 2000 | G123: Shop starting preset | H123: Add hems/eyelets separately. | J123: =IF(OR(E123<=0,F123<=0),"ERROR - NONPOSITIVE",IF(OR(E123<'01-Process Controls'!$G$9,F123<'01-Process Controls'!$G$9),"ERROR - BELOW MIN",IF(E123<='01-Process Controls'!$D$9-2*'01-Process Controls'!$H$9,"VALID - SAFE",IF(E123<='01-Process Controls'!$D$9,"VALID - NOMINAL EDGE","ERROR - EXCEEDS ROLL WIDTH")))) -> VALID - SAFE | K123: YES
A124: SINK-11 | B124: SINK | C124: Banner | D124: Portrait | E124: 1000 | F124: 3000 | G124: Shop starting preset | H124: Add hems/eyelets separately. | J124: =IF(OR(E124<=0,F124<=0),"ERROR - NONPOSITIVE",IF(OR(E124<'01-Process Controls'!$G$9,F124<'01-Process Controls'!$G$9),"ERROR - BELOW MIN",IF(E124<='01-Process Controls'!$D$9-2*'01-Process Controls'!$H$9,"VALID - SAFE",IF(E124<='01-Process Controls'!$D$9,"VALID - NOMINAL EDGE","ERROR - EXCEEDS ROLL WIDTH")))) -> VALID - SAFE | K124: YES
A125: SINK-12 | B125: SINK | C125: Square banner | D125: Square | E125: 1200 | F125: 1200 | G125: Shop starting preset | H125: Add hems/eyelets separately. | J125: =IF(OR(E125<=0,F125<=0),"ERROR - NONPOSITIVE",IF(OR(E125<'01-Process Controls'!$G$9,F125<'01-Process Controls'!$G$9),"ERROR - BELOW MIN",IF(E125<='01-Process Controls'!$D$9-2*'01-Process Controls'!$H$9,"VALID - SAFE",IF(E125<='01-Process Controls'!$D$9,"VALID - NOMINAL EDGE","ERROR - EXCEEDS ROLL WIDTH")))) -> VALID - SAFE | K125: YES
A126: SINK-13 | B126: SINK | C126: Banner | D126: Portrait | E126: 1200 | F126: 1800 | G126: Shop starting preset | H126: Add hems/eyelets separately. | J126: =IF(OR(E126<=0,F126<=0),"ERROR - NONPOSITIVE",IF(OR(E126<'01-Process Controls'!$G$9,F126<'01-Process Controls'!$G$9),"ERROR - BELOW MIN",IF(E126<='01-Process Controls'!$D$9-2*'01-Process Controls'!$H$9,"VALID - SAFE",IF(E126<='01-Process Controls'!$D$9,"VALID - NOMINAL EDGE","ERROR - EXCEEDS ROLL WIDTH")))) -> VALID - SAFE | K126: YES
... A148: SINK-35 | B148: SINK | C148: Maximum-width long banner | D148: Portrait | E148: 1600 | F148: 6000 | G148: Shop starting preset | H148: Length is a shop preset, not a machine maximum. Review RIP, take-up and finishing. | J148: =IF(OR(E148<=0,F148<=0),"ERROR - NONPOSITIVE",IF(OR(E148<'01-Process Controls'!$G$9,F148<'01-Process Controls'!$G$9),"ERROR - BELOW MIN",IF(E148<='01-Process Controls'!$D$9-2*'01-Process Controls'!$H$9,"VALID - SAFE",IF(E148<='01-Process Controls'!$D$9,"VALID - NOMINAL EDGE","ERROR - EXCEEDS ROLL WIDTH")))) -> VALID - NOMINAL EDGE | K148: YES
A151: POD Apparel Position Presets - Lowest-Fitting Full A/B Paper Reference
A152: E:F are recommended artwork/placement envelopes used to choose a paper code. M:N are the actual full-paper transfer dimensions to print. These are production starting presets, not universal supplier limits; the specific POD product template and a measured sample garment always override the guide.
A153: Lowest-paper rule: the search follows 07-Paper Priority and begins at column J. Bodysuit front/back rows begin at A5, producing the requested sequence A5 -> B5 -> A4 -> B4 -> A3 and onward. Rotation is allowed when it produces the first valid fit.
A154: apparel_code | B154: garment | C154: audience_gender | D154: garment_size | E154: art_target_width_mm | F154: art_target_height_mm | G154: placement | H154: production_note | I154: source_url | J154: minimum_start_paper | K154: lowest_paper_code | L154: orientation | M154: paper_print_width_mm | N154: paper_print_height_mm | O154: spare_width_mm | P154: spare_height_mm | Q154: validation_status | R154: preset_basis | S154: fit_rank_A10 | T154: fit_rank_B10 | U154: fit_rank_A9 | V154: fit_rank_B9 | W154: fit_rank_A8 | X154: fit_rank_B8 | Y154: fit_rank_A7 | Z154: fit_rank_B7 | AA154: fit_rank_A6 | AB154: fit_rank_B6 | AC154: fit_rank_A5 | AD154: fit_rank_B5 | AE154: fit_rank_A4 | AF154: fit_rank_B4 | AG154: fit_rank_A3 | AH154: fit_rank_B3 | AI154: fit_rank_A2 | AJ154: fit_rank_B2 | AK154: fit_rank_A1 | AL154: fit_rank_B1 | AM154: fit_rank_A0 | AN154: fit_rank_B0
A155: TSH-001 | B155: T-shirt | C155: Adult - all genders | D155: XS-5XL | E155: 100 | F155: 100 | G155: Left chest / heart | H155: Place proportionally between collar and sleeve; verify on XS and fitted cuts. | I155: https://printify.com/blog/t-shirt-design-size/ | J155: A6 | K155: =IF(COUNT(S155:AN155)=0,"NO FIT",INDEX('07-Paper Priority'!$B$5:$B$26,MIN(S155:AN155))) -> A6 | L155: =IF($K155="NO FIT","",IF(AND($E155<=INDEX('07-Paper Priority'!$C$5:$C$26,MATCH($K155,'07-Paper Priority'!$B$5:$B$26,0)),$F155<=INDEX('07-Paper Priority'!$D$5:$D$26,MATCH($K155,'07-Paper Priority'!$B$5:$B$26,0))),"PORTRAIT","ROTATED")) -> PORTRAIT | M155: =IF($K155="NO FIT","",IF($L155="PORTRAIT",INDEX('07-Paper Priority'!$C$5:$C$26,MATCH($K155,'07-Paper Priority'!$B$5:$B$26,0)),INDEX('07-Paper Priority'!$D$5:$D$26,MATCH($K155,'07-Paper Priority'!$B$5:$B$26,0)))) -> 105 | N155: =IF($K155="NO FIT","",IF($L155="PORTRAIT",INDEX('07-Paper Priority'!$D$5:$D$26,MATCH($K155,'07-Paper Priority'!$B$5:$B$26,0)),INDEX('07-Paper Priority'!$C$5:$C$26,MATCH($K155,'07-Paper Priority'!$B$5:$B$26,0)))) -> 148 | O155: =IF($K155="NO FIT","",$M155-$E155) -> 5 | P155: =IF($K155="NO FIT","",$N155-$F155) -> 48 | Q155: =IF($K155="NO FIT","REVIEW - NO PAPER FIT",IF(OR($O155<0,$P155<0),"ERROR - FIT",IF(COUNTIF('02-Printing Size'!$A$2:$A$2169,$K155)=0,"ERROR - CODE MISSING","VALID - LOWEST PAPER"))) -> VALID - LOWEST PAPER | R155: Official placement range representative | S155: =IF(AND('07-Paper Priority'!$A$5>=MATCH($J155,'07-Paper Priority'!$B$5:$B$26,0),OR(AND($E155<='07-Paper Priority'!$C$5,$F155<='07-Paper Priority'!$D$5),AND($E155<='07-Paper Priority'!$D$5,$F155<='07-Paper Priority'!$C$5))),'07-Paper Priority'!$A$5,"") | T155: =IF(AND('07-Paper Priority'!$A$6>=MATCH($J155,'07-Paper Priority'!$B$5:$B$26,0),OR(AND($E155<='07-Paper Priority'!$C$6,$F155<='07-Paper Priority'!$D$6),AND($E155<='07-Paper Priority'!$D$6,$F155<='07-Paper Priority'!$C$6))),'07-Paper Priority'!$A$6,"") | U155: =IF(AND('07-Paper Priority'!$A$7>=MATCH($J155,'07-Paper Priority'!$B$5:$B$26,0),OR(AND($E155<='07-Paper Priority'!$C$7,$F155<='07-Paper Priority'!$D$7),AND($E155<='07-Paper Priority'!$D$7,$F155<='07-Paper Priority'!$C$7))),'07-Paper Priority'!$A$7,"") | V155: =IF(AND('07-Paper Priority'!$A$8>=MATCH($J155,'07-Paper Priority'!$B$5:$B$26,0),OR(AND($E155<='07-Paper Priority'!$C$8,$F155<='07-Paper Priority'!$D$8),AND($E155<='07-Paper Priority'!$D$8,$F155<='07-Paper Priority'!$C$8))),'07-Paper Priority'!$A$8,"") | W155: =IF(AND('07-Paper Priority'!$A$9>=MATCH($J155,'07-Paper Priority'!$B$5:$B$26,0),OR(AND($E155<='07-Paper Priority'!$C$9,$F155<='07-Paper Priority'!$D$9),AND($E155<='07-Paper Priority'!$D$9,$F155<='07-Paper Priority'!$C$9))),'07-Paper Priority'!$A$9,"") | X155: =IF(AND('07-Paper Priority'!$A$10>=MATCH($J155,'07-Paper Priority'!$B$5:$B$26,0),OR(AND($E155<='07-Paper Priority'!$C$10,$F155<='07-Paper Priority'!$D$10),AND($E155<='07-Paper Priority'!$D$10,$F155<='07-Paper Priority'!$C$10))),'07-Paper Priority'!$A$10,"") | Y155: =IF(AND('07-Paper Priority'!$A$11>=MATCH($J155,'07-Paper Priority'!$B$5:$B$26,0),OR(AND($E155<='07-Paper Priority'!$C$11,$F155<='07-Paper Priority'!$D$11),AND($E155<='07-Paper Priority'!$D$11,$F155<='07-Paper Priority'!$C$11))),'07-Paper Priority'!$A$11,"") | Z155: =IF(AND('07-Paper Priority'!$A$12>=MATCH($J155,'07-Paper Priority'!$B$5:$B$26,0),OR(AND($E155<='07-Paper Priority'!$C$12,$F155<='07-Paper Priority'!$D$12),AND($E155<='07-Paper Priority'!$D$12,$F155<='07-Paper Priority'!$C$12))),'07-Paper Priority'!$A$12,"") | AA155: =IF(AND('07-Paper Priority'!$A$13>=MATCH($J155,'07-Paper Priority'!$B$5:$B$26,0),OR(AND($E155<='07-Paper Priority'!$C$13,$F155<='07-Paper Priority'!$D$13),AND($E155<='07-Paper Priority'!$D$13,$F155<='07-Paper Priority'!$C$13))),'07-Paper Priority'!$A$13,"") -> 9 | AB155: =IF(AND('07-Paper Priority'!$A$14>=MATCH($J155,'07-Paper Priority'!$B$5:$B$26,0),OR(AND($E155<='07-Paper Priority'!$C$14,$F155<='07-Paper Priority'!$D$14),AND($E155<='07-Paper Priority'!$D$14,$F155<='07-Paper Priority'!$C$14))),'07-Paper Priority'!$A$14,"") -> 10 | AC155: =IF(AND('07-Paper Priority'!$A$15>=MATCH($J155,'07-Paper Priority'!$B$5:$B$26,0),OR(AND($E155<='07-Paper Priority'!$C$15,$F155<='07-Paper Priority'!$D$15),AND($E155<='07-Paper Priority'!$D$15,$F155<='07-Paper Priority'!$C$15))),'07-Paper Priority'!$A$15,"") -> 11 | AD155: =IF(AND('07-Paper Priority'!$A$16>=MATCH($J155,'07-Paper Priority'!$B$5:$B$26,0),OR(AND($E155<='07-Paper Priority'!$C$16,$F155<='07-Paper Priority'!$D$16),AND($E155<='07-Paper Priority'!$D$16,$F155<='07-Paper Priority'!$C$16))),'07-Paper Priority'!$A$16,"") -> 12 | AE155: =IF(AND('07-Paper Priority'!$A$17>=MATCH($J155,'07-Paper Priority'!$B$5:$B$26,0),OR(AND($E155<='07-Paper Priority'!$C$17,$F155<='07-Paper Priority'!$D$17),AND($E155<='07-Paper Priority'!$D$17,$F155<='07-Paper Priority'!$C$17))),'07-Paper Priority'!$A$17,"") -> 13 | AF155: =IF(AND('07-Paper Priority'!$A$18>=MATCH($J155,'07-Paper Priority'!$B$5:$B$26,0),OR(AND($E155<='07-Paper Priority'!$C$18,$F155<='07-Paper Priority'!$D$18),AND($E155<='07-Paper Priority'!$D$18,$F155<='07-Paper Priority'!$C$18))),'07-Paper Priority'!$A$18,"") -> 14 | AG155: =IF(AND('07-Paper Priority'!$A$19>=MATCH($J155,'07-Paper Priority'!$B$5:$B$26,0),OR(AND($E155<='07-Paper Priority'!$C$19,$F155<='07-Paper Priority'!$D$19),AND($E155<='07-Paper Priority'!$D$19,$F155<='07-Paper Priority'!$C$19))),'07-Paper Priority'!$A$19,"") -> 15 | AH155: =IF(AND('07-Paper Priority'!$A$20>=MATCH($J155,'07-Paper Priority'!$B$5:$B$26,0),OR(AND($E155<='07-Paper Priority'!$C$20,$F155<='07-Paper Priority'!$D$20),AND($E155<='07-Paper Priority'!$D$20,$F155<='07-Paper Priority'!$C$20))),'07-Paper Priority'!$A$20,"") -> 16 | AI155: =IF(AND('07-Paper Priority'!$A$21>=MATCH($J155,'07-Paper Priority'!$B$5:$B$26,0),OR(AND($E155<='07-Paper Priority'!$C$21,$F155<='07-Paper Priority'!$D$21),AND($E155<='07-Paper Priority'!$D$21,$F155<='07-Paper Priority'!$C$21))),'07-Paper Priority'!$A$21,"") -> 17 | AJ155: =IF(AND('07-Paper Priority'!$A$22>=MATCH($J155,'07-Paper Priority'!$B$5:$B$26,0),OR(AND($E155<='07-Paper Priority'!$C$22,$F155<='07-Paper Priority'!$D$22),AND($E155<='07-Paper Priority'!$D$22,$F155<='07-Paper Priority'!$C$22))),'07-Paper Priority'!$A$22,"") -> 18 | AK155: =IF(AND('07-Paper Priority'!$A$23>=MATCH($J155,'07-Paper Priority'!$B$5:$B$26,0),OR(AND($E155<='07-Paper Priority'!$C$23,$F155<='07-Paper Priority'!$D$23),AND($E155<='07-Paper Priority'!$D$23,$F155<='07-Paper Priority'!$C$23))),'07-Paper Priority'!$A$23,"") -> 19 | AL155: =IF(AND('07-Paper Priority'!$A$24>=MATCH($J155,'07-Paper Priority'!$B$5:$B$26,0),OR(AND($E155<='07-Paper Priority'!$C$24,$F155<='07-Paper Priority'!$D$24),AND($E155<='07-Paper Priority'!$D$24,$F155<='07-Paper Priority'!$C$24))),'07-Paper Priority'!$A$24,"") -> 20 | AM155: =IF(AND('07-Paper Priority'!$A$25>=MATCH($J155,'07-Paper Priority'!$B$5:$B$26,0),OR(AND($E155<='07-Paper Priority'!$C$25,$F155<='07-Paper Priority'!$D$25),AND($E155<='07-Paper Priority'!$D$25,$F155<='07-Paper Priority'!$C$25))),'07-Paper Priority'!$A$25,"") -> 21 | AN155: =IF(AND('07-Paper Priority'!$A$26>=MATCH($J155,'07-Paper Priority'!$B$5:$B$26,0),OR(AND($E155<='07-Paper Priority'!$C$26,$F155<='07-Paper Priority'!$D$26),AND($E155<='07-Paper Priority'!$D$26,$F155<='07-Paper Priority'!$C$26))),'07-Paper Priority'!$A$26,"") -> 22
A156: TSH-002 | B156: T-shirt | C156: Adult - all genders | D156: XS-5XL | E156: 100 | F156: 100 | G156: Right chest | H156: Use only where garment seams, buttons or pockets allow. | I156: https://printify.com/blog/t-shirt-design-placement-guide/ | J156: A6 | K156: =IF(COUNT(S156:AN156)=0,"NO FIT",INDEX('07-Paper Priority'!$B$5:$B$26,MIN(S156:AN156))) -> A6 | L156: =IF($K156="NO FIT","",IF(AND($E156<=INDEX('07-Paper Priority'!$C$5:$C$26,MATCH($K156,'07-Paper Priority'!$B$5:$B$26,0)),$F156<=INDEX('07-Paper Priority'!$D$5:$D$26,MATCH($K156,'07-Paper Priority'!$B$5:$B$26,0))),"PORTRAIT","ROTATED")) -> PORTRAIT | M156: =IF($K156="NO FIT","",IF($L156="PORTRAIT",INDEX('07-Paper Priority'!$C$5:$C$26,MATCH($K156,'07-Paper Priority'!$B$5:$B$26,0)),INDEX('07-Paper Priority'!$D$5:$D$26,MATCH($K156,'07-Paper Priority'!$B$5:$B$26,0)))) -> 105 | N156: =IF($K156="NO FIT","",IF($L156="PORTRAIT",INDEX('07-Paper Priority'!$D$5:$D$26,MATCH($K156,'07-Paper Priority'!$B$5:$B$26,0)),INDEX('07-Paper Priority'!$C$5:$C$26,MATCH($K156,'07-Paper Priority'!$B$5:$B$26,0)))) -> 148 | O156: =IF($K156="NO FIT","",$M156-$E156) -> 5 | P156: =IF($K156="NO FIT","",$N156-$F156) -> 48 | Q156: =IF($K156="NO FIT","REVIEW - NO PAPER FIT",IF(OR($O156<0,$P156<0),"ERROR - FIT",IF(COUNTIF('02-Printing Size'!$A$2:$A$2169,$K156)=0,"ERROR - CODE MISSING","VALID - LOWEST PAPER"))) -> VALID - LOWEST PAPER | R156: Mirrored left-chest starting preset | S156: =IF(AND('07-Paper Priority'!$A$5>=MATCH($J156,'07-Paper Priority'!$B$5:$B$26,0),OR(AND($E156<='07-Paper Priority'!$C$5,$F156<='07-Paper Priority'!$D$5),AND($E156<='07-Paper Priority'!$D$5,$F156<='07-Paper Priority'!$C$5))),'07-Paper Priority'!$A$5,"") | T156: =IF(AND('07-Paper Priority'!$A$6>=MATCH($J156,'07-Paper Priority'!$B$5:$B$26,0),OR(AND($E156<='07-Paper Priority'!$C$6,$F156<='07-Paper Priority'!$D$6),AND($E156<='07-Paper Priority'!$D$6,$F156<='07-Paper Priority'!$C$6))),'07-Paper Priority'!$A$6,"") | U156: =IF(AND('07-Paper Priority'!$A$7>=MATCH($J156,'07-Paper Priority'!$B$5:$B$26,0),OR(AND($E156<='07-Paper Priority'!$C$7,$F156<='07-Paper Priority'!$D$7),AND($E156<='07-Paper Priority'!$D$7,$F156<='07-Paper Priority'!$C$7))),'07-Paper Priority'!$A$7,"") | V156: =IF(AND('07-Paper Priority'!$A$8>=MATCH($J156,'07-Paper Priority'!$B$5:$B$26,0),OR(AND($E156<='07-Paper Priority'!$C$8,$F156<='07-Paper Priority'!$D$8),AND($E156<='07-Paper Priority'!$D$8,$F156<='07-Paper Priority'!$C$8))),'07-Paper Priority'!$A$8,"") | W156: =IF(AND('07-Paper Priority'!$A$9>=MATCH($J156,'07-Paper Priority'!$B$5:$B$26,0),OR(AND($E156<='07-Paper Priority'!$C$9,$F156<='07-Paper Priority'!$D$9),AND($E156<='07-Paper Priority'!$D$9,$F156<='07-Paper Priority'!$C$9))),'07-Paper Priority'!$A$9,"") | X156: =IF(AND('07-Paper Priority'!$A$10>=MATCH($J156,'07-Paper Priority'!$B$5:$B$26,0),OR(AND($E156<='07-Paper Priority'!$C$10,$F156<='07-Paper Priority'!$D$10),AND($E156<='07-Paper Priority'!$D$10,$F156<='07-Paper Priority'!$C$10))),'07-Paper Priority'!$A$10,"") | Y156: =IF(AND('07-Paper Priority'!$A$11>=MATCH($J156,'07-Paper Priority'!$B$5:$B$26,0),OR(AND($E156<='07-Paper Priority'!$C$11,$F156<='07-Paper Priority'!$D$11),AND($E156<='07-Paper Priority'!$D$11,$F156<='07-Paper Priority'!$C$11))),'07-Paper Priority'!$A$11,"") | Z156: =IF(AND('07-Paper Priority'!$A$12>=MATCH($J156,'07-Paper Priority'!$B$5:$B$26,0),OR(AND($E156<='07-Paper Priority'!$C$12,$F156<='07-Paper Priority'!$D$12),AND($E156<='07-Paper Priority'!$D$12,$F156<='07-Paper Priority'!$C$12))),'07-Paper Priority'!$A$12,"") | AA156: =IF(AND('07-Paper Priority'!$A$13>=MATCH($J156,'07-Paper Priority'!$B$5:$B$26,0),OR(AND($E156<='07-Paper Priority'!$C$13,$F156<='07-Paper Priority'!$D$13),AND($E156<='07-Paper Priority'!$D$13,$F156<='07-Paper Priority'!$C$13))),'07-Paper Priority'!$A$13,"") -> 9 | AB156: =IF(AND('07-Paper Priority'!$A$14>=MATCH($J156,'07-Paper Priority'!$B$5:$B$26,0),OR(AND($E156<='07-Paper Priority'!$C$14,$F156<='07-Paper Priority'!$D$14),AND($E156<='07-Paper Priority'!$D$14,$F156<='07-Paper Priority'!$C$14))),'07-Paper Priority'!$A$14,"") -> 10 | AC156: =IF(AND('07-Paper Priority'!$A$15>=MATCH($J156,'07-Paper Priority'!$B$5:$B$26,0),OR(AND($E156<='07-Paper Priority'!$C$15,$F156<='07-Paper Priority'!$D$15),AND($E156<='07-Paper Priority'!$D$15,$F156<='07-Paper Priority'!$C$15))),'07-Paper Priority'!$A$15,"") -> 11 | AD156: =IF(AND('07-Paper Priority'!$A$16>=MATCH($J156,'07-Paper Priority'!$B$5:$B$26,0),OR(AND($E156<='07-Paper Priority'!$C$16,$F156<='07-Paper Priority'!$D$16),AND($E156<='07-Paper Priority'!$D$16,$F156<='07-Paper Priority'!$C$16))),'07-Paper Priority'!$A$16,"") -> 12 | AE156: =IF(AND('07-Paper Priority'!$A$17>=MATCH($J156,'07-Paper Priority'!$B$5:$B$26,0),OR(AND($E156<='07-Paper Priority'!$C$17,$F156<='07-Paper Priority'!$D$17),AND($E156<='07-Paper Priority'!$D$17,$F156<='07-Paper Priority'!$C$17))),'07-Paper Priority'!$A$17,"") -> 13 | AF156: =IF(AND('07-Paper Priority'!$A$18>=MATCH($J156,'07-Paper Priority'!$B$5:$B$26,0),OR(AND($E156<='07-Paper Priority'!$C$18,$F156<='07-Paper Priority'!$D$18),AND($E156<='07-Paper Priority'!$D$18,$F156<='07-Paper Priority'!$C$18))),'07-Paper Priority'!$A$18,"") -> 14 | AG156: =IF(AND('07-Paper Priority'!$A$19>=MATCH($J156,'07-Paper Priority'!$B$5:$B$26,0),OR(AND($E156<='07-Paper Priority'!$C$19,$F156<='07-Paper Priority'!$D$19),AND($E156<='07-Paper Priority'!$D$19,$F156<='07-Paper Priority'!$C$19))),'07-Paper Priority'!$A$19,"") -> 15 | AH156: =IF(AND('07-Paper Priority'!$A$20>=MATCH($J156,'07-Paper Priority'!$B$5:$B$26,0),OR(AND($E156<='07-Paper Priority'!$C$20,$F156<='07-Paper Priority'!$D$20),AND($E156<='07-Paper Priority'!$D$20,$F156<='07-Paper Priority'!$C$20))),'07-Paper Priority'!$A$20,"") -> 16 | AI156: =IF(AND('07-Paper Priority'!$A$21>=MATCH($J156,'07-Paper Priority'!$B$5:$B$26,0),OR(AND($E156<='07-Paper Priority'!$C$21,$F156<='07-Paper Priority'!$D$21),AND($E156<='07-Paper Priority'!$D$21,$F156<='07-Paper Priority'!$C$21))),'07-Paper Priority'!$A$21,"") -> 17 | AJ156: =IF(AND('07-Paper Priority'!$A$22>=MATCH($J156,'07-Paper Priority'!$B$5:$B$26,0),OR(AND($E156<='07-Paper Priority'!$C$22,$F156<='07-Paper Priority'!$D$22),AND($E156<='07-Paper Priority'!$D$22,$F156<='07-Paper Priority'!$C$22))),'07-Paper Priority'!$A$22,"") -> 18 | AK156: =IF(AND('07-Paper Priority'!$A$23>=MATCH($J156,'07-Paper Priority'!$B$5:$B$26,0),OR(AND($E156<='07-Paper Priority'!$C$23,$F156<='07-Paper Priority'!$D$23),AND($E156<='07-Paper Priority'!$D$23,$F156<='07-Paper Priority'!$C$23))),'07-Paper Priority'!$A$23,"") -> 19 | AL156: =IF(AND('07-Paper Priority'!$A$24>=MATCH($J156,'07-Paper Priority'!$B$5:$B$26,0),OR(AND($E156<='07-Paper Priority'!$C$24,$F156<='07-Paper Priority'!$D$24),AND($E156<='07-Paper Priority'!$D$24,$F156<='07-Paper Priority'!$C$24))),'07-Paper Priority'!$A$24,"") -> 20 | AM156: =IF(AND('07-Paper Priority'!$A$25>=MATCH($J156,'07-Paper Priority'!$B$5:$B$26,0),OR(AND($E156<='07-Paper Priority'!$C$25,$F156<='07-Paper Priority'!$D$25),AND($E156<='07-Paper Priority'!$D$25,$F156<='07-Paper Priority'!$C$25))),'07-Paper Priority'!$A$25,"") -> 21 | AN156: =IF(AND('07-Paper Priority'!$A$26>=MATCH($J156,'07-Paper Priority'!$B$5:$B$26,0),OR(AND($E156<='07-Paper Priority'!$C$26,$F156<='07-Paper Priority'!$D$26),AND($E156<='07-Paper Priority'!$D$26,$F156<='07-Paper Priority'!$C$26))),'07-Paper Priority'!$A$26,"") -> 22
A157: TSH-003 | B157: T-shirt | C157: Adult - all genders | D157: XS-5XL | E157: 200 | F157: 200 | G157: Centre chest | H157: Start below collar; keep design visually centred. | I157: https://printify.com/blog/t-shirt-design-size/ | J157: A4 | K157: =IF(COUNT(S157:AN157)=0,"NO FIT",INDEX('07-Paper Priority'!$B$5:$B$26,MIN(S157:AN157))) -> A4 | L157: =IF($K157="NO FIT","",IF(AND($E157<=INDEX('07-Paper Priority'!$C$5:$C$26,MATCH($K157,'07-Paper Priority'!$B$5:$B$26,0)),$F157<=INDEX('07-Paper Priority'!$D$5:$D$26,MATCH($K157,'07-Paper Priority'!$B$5:$B$26,0))),"PORTRAIT","ROTATED")) -> PORTRAIT | M157: =IF($K157="NO FIT","",IF($L157="PORTRAIT",INDEX('07-Paper Priority'!$C$5:$C$26,MATCH($K157,'07-Paper Priority'!$B$5:$B$26,0)),INDEX('07-Paper Priority'!$D$5:$D$26,MATCH($K157,'07-Paper Priority'!$B$5:$B$26,0)))) -> 210 | N157: =IF($K157="NO FIT","",IF($L157="PORTRAIT",INDEX('07-Paper Priority'!$D$5:$D$26,MATCH($K157,'07-Paper Priority'!$B$5:$B$26,0)),INDEX('07-Paper Priority'!$C$5:$C$26,MATCH($K157,'07-Paper Priority'!$B$5:$B$26,0)))) -> 297 | O157: =IF($K157="NO FIT","",$M157-$E157) -> 10 | P157: =IF($K157="NO FIT","",$N157-$F157) -> 97 | Q157: =IF($K157="NO FIT","REVIEW - NO PAPER FIT",IF(OR($O157<0,$P157<0),"ERROR - FIT",IF(COUNTIF('02-Printing Size'!$A$2:$A$2169,$K157)=0,"ERROR - CODE MISSING","VALID - LOWEST PAPER"))) -> VALID - LOWEST PAPER | R157: Official centre-chest common size | S157: =IF(AND('07-Paper Priority'!$A$5>=MATCH($J157,'07-Paper Priority'!$B$5:$B$26,0),OR(AND($E157<='07-Paper Priority'!$C$5,$F157<='07-Paper Priority'!$D$5),AND($E157<='07-Paper Priority'!$D$5,$F157<='07-Paper Priority'!$C$5))),'07-Paper Priority'!$A$5,"") | T157: =IF(AND('07-Paper Priority'!$A$6>=MATCH($J157,'07-Paper Priority'!$B$5:$B$26,0),OR(AND($E157<='07-Paper Priority'!$C$6,$F157<='07-Paper Priority'!$D$6),AND($E157<='07-Paper Priority'!$D$6,$F157<='07-Paper Priority'!$C$6))),'07-Paper Priority'!$A$6,"") | U157: =IF(AND('07-Paper Priority'!$A$7>=MATCH($J157,'07-Paper Priority'!$B$5:$B$26,0),OR(AND($E157<='07-Paper Priority'!$C$7,$F157<='07-Paper Priority'!$D$7),AND($E157<='07-Paper Priority'!$D$7,$F157<='07-Paper Priority'!$C$7))),'07-Paper Priority'!$A$7,"") | V157: =IF(AND('07-Paper Priority'!$A$8>=MATCH($J157,'07-Paper Priority'!$B$5:$B$26,0),OR(AND($E157<='07-Paper Priority'!$C$8,$F157<='07-Paper Priority'!$D$8),AND($E157<='07-Paper Priority'!$D$8,$F157<='07-Paper Priority'!$C$8))),'07-Paper Priority'!$A$8,"") | W157: =IF(AND('07-Paper Priority'!$A$9>=MATCH($J157,'07-Paper Priority'!$B$5:$B$26,0),OR(AND($E157<='07-Paper Priority'!$C$9,$F157<='07-Paper Priority'!$D$9),AND($E157<='07-Paper Priority'!$D$9,$F157<='07-Paper Priority'!$C$9))),'07-Paper Priority'!$A$9,"") | X157: =IF(AND('07-Paper Priority'!$A$10>=MATCH($J157,'07-Paper Priority'!$B$5:$B$26,0),OR(AND($E157<='07-Paper Priority'!$C$10,$F157<='07-Paper Priority'!$D$10),AND($E157<='07-Paper Priority'!$D$10,$F157<='07-Paper Priority'!$C$10))),'07-Paper Priority'!$A$10,"") | Y157: =IF(AND('07-Paper Priority'!$A$11>=MATCH($J157,'07-Paper Priority'!$B$5:$B$26,0),OR(AND($E157<='07-Paper Priority'!$C$11,$F157<='07-Paper Priority'!$D$11),AND($E157<='07-Paper Priority'!$D$11,$F157<='07-Paper Priority'!$C$11))),'07-Paper Priority'!$A$11,"") | Z157: =IF(AND('07-Paper Priority'!$A$12>=MATCH($J157,'07-Paper Priority'!$B$5:$B$26,0),OR(AND($E157<='07-Paper Priority'!$C$12,$F157<='07-Paper Priority'!$D$12),AND($E157<='07-Paper Priority'!$D$12,$F157<='07-Paper Priority'!$C$12))),'07-Paper Priority'!$A$12,"") | AA157: =IF(AND('07-Paper Priority'!$A$13>=MATCH($J157,'07-Paper Priority'!$B$5:$B$26,0),OR(AND($E157<='07-Paper Priority'!$C$13,$F157<='07-Paper Priority'!$D$13),AND($E157<='07-Paper Priority'!$D$13,$F157<='07-Paper Priority'!$C$13))),'07-Paper Priority'!$A$13,"") | AB157: =IF(AND('07-Paper Priority'!$A$14>=MATCH($J157,'07-Paper Priority'!$B$5:$B$26,0),OR(AND($E157<='07-Paper Priority'!$C$14,$F157<='07-Paper Priority'!$D$14),AND($E157<='07-Paper Priority'!$D$14,$F157<='07-Paper Priority'!$C$14))),'07-Paper Priority'!$A$14,"") | AC157: =IF(AND('07-Paper Priority'!$A$15>=MATCH($J157,'07-Paper Priority'!$B$5:$B$26,0),OR(AND($E157<='07-Paper Priority'!$C$15,$F157<='07-Paper Priority'!$D$15),AND($E157<='07-Paper Priority'!$D$15,$F157<='07-Paper Priority'!$C$15))),'07-Paper Priority'!$A$15,"") | AD157: =IF(AND('07-Paper Priority'!$A$16>=MATCH($J157,'07-Paper Priority'!$B$5:$B$26,0),OR(AND($E157<='07-Paper Priority'!$C$16,$F157<='07-Paper Priority'!$D$16),AND($E157<='07-Paper Priority'!$D$16,$F157<='07-Paper Priority'!$C$16))),'07-Paper Priority'!$A$16,"") | AE157: =IF(AND('07-Paper Priority'!$A$17>=MATCH($J157,'07-Paper Priority'!$B$5:$B$26,0),OR(AND($E157<='07-Paper Priority'!$C$17,$F157<='07-Paper Priority'!$D$17),AND($E157<='07-Paper Priority'!$D$17,$F157<='07-Paper Priority'!$C$17))),'07-Paper Priority'!$A$17,"") -> 13 | AF157: =IF(AND('07-Paper Priority'!$A$18>=MATCH($J157,'07-Paper Priority'!$B$5:$B$26,0),OR(AND($E157<='07-Paper Priority'!$C$18,$F157<='07-Paper Priority'!$D$18),AND($E157<='07-Paper Priority'!$D$18,$F157<='07-Paper Priority'!$C$18))),'07-Paper Priority'!$A$18,"") -> 14 | AG157: =IF(AND('07-Paper Priority'!$A$19>=MATCH($J157,'07-Paper Priority'!$B$5:$B$26,0),OR(AND($E157<='07-Paper Priority'!$C$19,$F157<='07-Paper Priority'!$D$19),AND($E157<='07-Paper Priority'!$D$19,$F157<='07-Paper Priority'!$C$19))),'07-Paper Priority'!$A$19,"") -> 15 | AH157: =IF(AND('07-Paper Priority'!$A$20>=MATCH($J157,'07-Paper Priority'!$B$5:$B$26,0),OR(AND($E157<='07-Paper Priority'!$C$20,$F157<='07-Paper Priority'!$D$20),AND($E157<='07-Paper Priority'!$D$20,$F157<='07-Paper Priority'!$C$20))),'07-Paper Priority'!$A$20,"") -> 16 | AI157: =IF(AND('07-Paper Priority'!$A$21>=MATCH($J157,'07-Paper Priority'!$B$5:$B$26,0),OR(AND($E157<='07-Paper Priority'!$C$21,$F157<='07-Paper Priority'!$D$21),AND($E157<='07-Paper Priority'!$D$21,$F157<='07-Paper Priority'!$C$21))),'07-Paper Priority'!$A$21,"") -> 17 | AJ157: =IF(AND('07-Paper Priority'!$A$22>=MATCH($J157,'07-Paper Priority'!$B$5:$B$26,0),OR(AND($E157<='07-Paper Priority'!$C$22,$F157<='07-Paper Priority'!$D$22),AND($E157<='07-Paper Priority'!$D$22,$F157<='07-Paper Priority'!$C$22))),'07-Paper Priority'!$A$22,"") -> 18 | AK157: =IF(AND('07-Paper Priority'!$A$23>=MATCH($J157,'07-Paper Priority'!$B$5:$B$26,0),OR(AND($E157<='07-Paper Priority'!$C$23,$F157<='07-Paper Priority'!$D$23),AND($E157<='07-Paper Priority'!$D$23,$F157<='07-Paper Priority'!$C$23))),'07-Paper Priority'!$A$23,"") -> 19 | AL157: =IF(AND('07-Paper Priority'!$A$24>=MATCH($J157,'07-Paper Priority'!$B$5:$B$26,0),OR(AND($E157<='07-Paper Priority'!$C$24,$F157<='07-Paper Priority'!$D$24),AND($E157<='07-Paper Priority'!$D$24,$F157<='07-Paper Priority'!$C$24))),'07-Paper Priority'!$A$24,"") -> 20 | AM157: =IF(AND('07-Paper Priority'!$A$25>=MATCH($J157,'07-Paper Priority'!$B$5:$B$26,0),OR(AND($E157<='07-Paper Priority'!$C$25,$F157<='07-Paper Priority'!$D$25),AND($E157<='07-Paper Priority'!$D$25,$F157<='07-Paper Priority'!$C$25))),'07-Paper Priority'!$A$25,"") -> 21 | AN157: =IF(AND('07-Paper Priority'!$A$26>=MATCH($J157,'07-Paper Priority'!$B$5:$B$26,0),OR(AND($E157<='07-Paper Priority'!$C$26,$F157<='07-Paper Priority'!$D$26),AND($E157<='07-Paper Priority'!$D$26,$F157<='07-Paper Priority'!$C$26))),'07-Paper Priority'!$A$26,"") -> 22
A158: TSH-004 | B158: T-shirt | C158: Adult - all genders | D158: S-3XL | E158: 280 | F158: 350 | G158: Standard full front | H158: Full-paper A3 reference; verify width on small and fitted garments. | I158: https://www.transferexpress.com/design-sizes | J158: A3 | K158: =IF(COUNT(S158:AN158)=0,"NO FIT",INDEX('07-Paper Priority'!$B$5:$B$26,MIN(S158:AN158))) -> A3 | L158: =IF($K158="NO FIT","",IF(AND($E158<=INDEX('07-Paper Priority'!$C$5:$C$26,MATCH($K158,'07-Paper Priority'!$B$5:$B$26,0)),$F158<=INDEX('07-Paper Priority'!$D$5:$D$26,MATCH($K158,'07-Paper Priority'!$B$5:$B$26,0))),"PORTRAIT","ROTATED")) -> PORTRAIT | M158: =IF($K158="NO FIT","",IF($L158="PORTRAIT",INDEX('07-Paper Priority'!$C$5:$C$26,MATCH($K158,'07-Paper Priority'!$B$5:$B$26,0)),INDEX('07-Paper Priority'!$D$5:$D$26,MATCH($K158,'07-Paper Priority'!$B$5:$B$26,0)))) -> 297 | N158: =IF($K158="NO FIT","",IF($L158="PORTRAIT",INDEX('07-Paper Priority'!$D$5:$D$26,MATCH($K158,'07-Paper Priority'!$B$5:$B$26,0)),INDEX('07-Paper Priority'!$C$5:$C$26,MATCH($K158,'07-Paper Priority'!$B$5:$B$26,0)))) -> 420 | O158: =IF($K158="NO FIT","",$M158-$E158) -> 17 | P158: =IF($K158="NO FIT","",$N158-$F158) -> 70 | Q158: =IF($K158="NO FIT","REVIEW - NO PAPER FIT",IF(OR($O158<0,$P158<0),"ERROR - FIT",IF(COUNTIF('02-Printing Size'!$A$2:$A$2169,$K158)=0,"ERROR - CODE MISSING","VALID - LOWEST PAPER"))) -> VALID - LOWEST PAPER | R158: Adult standard / max apparel range | S158: =IF(AND('07-Paper Priority'!$A$5>=MATCH($J158,'07-Paper Priority'!$B$5:$B$26,0),OR(AND($E158<='07-Paper Priority'!$C$5,$F158<='07-Paper Priority'!$D$5),AND($E158<='07-Paper Priority'!$D$5,$F158<='07-Paper Priority'!$C$5))),'07-Paper Priority'!$A$5,"") | T158: =IF(AND('07-Paper Priority'!$A$6>=MATCH($J158,'07-Paper Priority'!$B$5:$B$26,0),OR(AND($E158<='07-Paper Priority'!$C$6,$F158<='07-Paper Priority'!$D$6),AND($E158<='07-Paper Priority'!$D$6,$F158<='07-Paper Priority'!$C$6))),'07-Paper Priority'!$A$6,"") | U158: =IF(AND('07-Paper Priority'!$A$7>=MATCH($J158,'07-Paper Priority'!$B$5:$B$26,0),OR(AND($E158<='07-Paper Priority'!$C$7,$F158<='07-Paper Priority'!$D$7),AND($E158<='07-Paper Priority'!$D$7,$F158<='07-Paper Priority'!$C$7))),'07-Paper Priority'!$A$7,"") | V158: =IF(AND('07-Paper Priority'!$A$8>=MATCH($J158,'07-Paper Priority'!$B$5:$B$26,0),OR(AND($E158<='07-Paper Priority'!$C$8,$F158<='07-Paper Priority'!$D$8),AND($E158<='07-Paper Priority'!$D$8,$F158<='07-Paper Priority'!$C$8))),'07-Paper Priority'!$A$8,"") | W158: =IF(AND('07-Paper Priority'!$A$9>=MATCH($J158,'07-Paper Priority'!$B$5:$B$26,0),OR(AND($E158<='07-Paper Priority'!$C$9,$F158<='07-Paper Priority'!$D$9),AND($E158<='07-Paper Priority'!$D$9,$F158<='07-Paper Priority'!$C$9))),'07-Paper Priority'!$A$9,"") | X158: =IF(AND('07-Paper Priority'!$A$10>=MATCH($J158,'07-Paper Priority'!$B$5:$B$26,0),OR(AND($E158<='07-Paper Priority'!$C$10,$F158<='07-Paper Priority'!$D$10),AND($E158<='07-Paper Priority'!$D$10,$F158<='07-Paper Priority'!$C$10))),'07-Paper Priority'!$A$10,"") | Y158: =IF(AND('07-Paper Priority'!$A$11>=MATCH($J158,'07-Paper Priority'!$B$5:$B$26,0),OR(AND($E158<='07-Paper Priority'!$C$11,$F158<='07-Paper Priority'!$D$11),AND($E158<='07-Paper Priority'!$D$11,$F158<='07-Paper Priority'!$C$11))),'07-Paper Priority'!$A$11,"") | Z158: =IF(AND('07-Paper Priority'!$A$12>=MATCH($J158,'07-Paper Priority'!$B$5:$B$26,0),OR(AND($E158<='07-Paper Priority'!$C$12,$F158<='07-Paper Priority'!$D$12),AND($E158<='07-Paper Priority'!$D$12,$F158<='07-Paper Priority'!$C$12))),'07-Paper Priority'!$A$12,"") | AA158: =IF(AND('07-Paper Priority'!$A$13>=MATCH($J158,'07-Paper Priority'!$B$5:$B$26,0),OR(AND($E158<='07-Paper Priority'!$C$13,$F158<='07-Paper Priority'!$D$13),AND($E158<='07-Paper Priority'!$D$13,$F158<='07-Paper Priority'!$C$13))),'07-Paper Priority'!$A$13,"") | AB158: =IF(AND('07-Paper Priority'!$A$14>=MATCH($J158,'07-Paper Priority'!$B$5:$B$26,0),OR(AND($E158<='07-Paper Priority'!$C$14,$F158<='07-Paper Priority'!$D$14),AND($E158<='07-Paper Priority'!$D$14,$F158<='07-Paper Priority'!$C$14))),'07-Paper Priority'!$A$14,"") | AC158: =IF(AND('07-Paper Priority'!$A$15>=MATCH($J158,'07-Paper Priority'!$B$5:$B$26,0),OR(AND($E158<='07-Paper Priority'!$C$15,$F158<='07-Paper Priority'!$D$15),AND($E158<='07-Paper Priority'!$D$15,$F158<='07-Paper Priority'!$C$15))),'07-Paper Priority'!$A$15,"") | AD158: =IF(AND('07-Paper Priority'!$A$16>=MATCH($J158,'07-Paper Priority'!$B$5:$B$26,0),OR(AND($E158<='07-Paper Priority'!$C$16,$F158<='07-Paper Priority'!$D$16),AND($E158<='07-Paper Priority'!$D$16,$F158<='07-Paper Priority'!$C$16))),'07-Paper Priority'!$A$16,"") | AE158: =IF(AND('07-Paper Priority'!$A$17>=MATCH($J158,'07-Paper Priority'!$B$5:$B$26,0),OR(AND($E158<='07-Paper Priority'!$C$17,$F158<='07-Paper Priority'!$D$17),AND($E158<='07-Paper Priority'!$D$17,$F158<='07-Paper Priority'!$C$17))),'07-Paper Priority'!$A$17,"") | AF158: =IF(AND('07-Paper Priority'!$A$18>=MATCH($J158,'07-Paper Priority'!$B$5:$B$26,0),OR(AND($E158<='07-Paper Priority'!$C$18,$F158<='07-Paper Priority'!$D$18),AND($E158<='07-Paper Priority'!$D$18,$F158<='07-Paper Priority'!$C$18))),'07-Paper Priority'!$A$18,"") | AG158: =IF(AND('07-Paper Priority'!$A$19>=MATCH($J158,'07-Paper Priority'!$B$5:$B$26,0),OR(AND($E158<='07-Paper Priority'!$C$19,$F158<='07-Paper Priority'!$D$19),AND($E158<='07-Paper Priority'!$D$19,$F158<='07-Paper Priority'!$C$19))),'07-Paper Priority'!$A$19,"") -> 15 | AH158: =IF(AND('07-Paper Priority'!$A$20>=MATCH($J158,'07-Paper Priority'!$B$5:$B$26,0),OR(AND($E158<='07-Paper Priority'!$C$20,$F158<='07-Paper Priority'!$D$20),AND($E158<='07-Paper Priority'!$D$20,$F158<='07-Paper Priority'!$C$20))),'07-Paper Priority'!$A$20,"") -> 16 | AI158: =IF(AND('07-Paper Priority'!$A$21>=MATCH($J158,'07-Paper Priority'!$B$5:$B$26,0),OR(AND($E158<='07-Paper Priority'!$C$21,$F158<='07-Paper Priority'!$D$21),AND($E158<='07-Paper Priority'!$D$21,$F158<='07-Paper Priority'!$C$21))),'07-Paper Priority'!$A$21,"") -> 17 | AJ158: =IF(AND('07-Paper Priority'!$A$22>=MATCH($J158,'07-Paper Priority'!$B$5:$B$26,0),OR(AND($E158<='07-Paper Priority'!$C$22,$F158<='07-Paper Priority'!$D$22),AND($E158<='07-Paper Priority'!$D$22,$F158<='07-Paper Priority'!$C$22))),'07-Paper Priority'!$A$22,"") -> 18 | AK158: =IF(AND('07-Paper Priority'!$A$23>=MATCH($J158,'07-Paper Priority'!$B$5:$B$26,0),OR(AND($E158<='07-Paper Priority'!$C$23,$F158<='07-Paper Priority'!$D$23),AND($E158<='07-Paper Priority'!$D$23,$F158<='07-Paper Priority'!$C$23))),'07-Paper Priority'!$A$23,"") -> 19 | AL158: =IF(AND('07-Paper Priority'!$A$24>=MATCH($J158,'07-Paper Priority'!$B$5:$B$26,0),OR(AND($E158<='07-Paper Priority'!$C$24,$F158<='07-Paper Priority'!$D$24),AND($E158<='07-Paper Priority'!$D$24,$F158<='07-Paper Priority'!$C$24))),'07-Paper Priority'!$A$24,"") -> 20 | AM158: =IF(AND('07-Paper Priority'!$A$25>=MATCH($J158,'07-Paper Priority'!$B$5:$B$26,0),OR(AND($E158<='07-Paper Priority'!$C$25,$F158<='07-Paper Priority'!$D$25),AND($E158<='07-Paper Priority'!$D$25,$F158<='07-Paper Priority'!$C$25))),'07-Paper Priority'!$A$25,"") -> 21 | AN158: =IF(AND('07-Paper Priority'!$A$26>=MATCH($J158,'07-Paper Priority'!$B$5:$B$26,0),OR(AND($E158<='07-Paper Priority'!$C$26,$F158<='07-Paper Priority'!$D$26),AND($E158<='07-Paper Priority'!$D$26,$F158<='07-Paper Priority'!$C$26))),'07-Paper Priority'!$A$26,"") -> 22
A159: TSH-005 | B159: T-shirt | C159: Adult - all genders | D159: L-5XL | E159: 318 | F159: 432 | G159: Large / jumbo front | H159: Use only when garment body and platen support the full B3 reference. | I159: https://www.transferexpress.com/design-sizes | J159: B3 | K159: =IF(COUNT(S159:AN159)=0,"NO FIT",INDEX('07-Paper Priority'!$B$5:$B$26,MIN(S159:AN159))) -> B3 | L159: =IF($K159="NO FIT","",IF(AND($E159<=INDEX('07-Paper Priority'!$C$5:$C$26,MATCH($K159,'07-Paper Priority'!$B$5:$B$26,0)),$F159<=INDEX('07-Paper Priority'!$D$5:$D$26,MATCH($K159,'07-Paper Priority'!$B$5:$B$26,0))),"PORTRAIT","ROTATED")) -> PORTRAIT | M159: =IF($K159="NO FIT","",IF($L159="PORTRAIT",INDEX('07-Paper Priority'!$C$5:$C$26,MATCH($K159,'07-Paper Priority'!$B$5:$B$26,0)),INDEX('07-Paper Priority'!$D$5:$D$26,MATCH($K159,'07-Paper Priority'!$B$5:$B$26,0)))) -> 353 | N159: =IF($K159="NO FIT","",IF($L159="PORTRAIT",INDEX('07-Paper Priority'!$D$5:$D$26,MATCH($K159,'07-Paper Priority'!$B$5:$B$26,0)),INDEX('07-Paper Priority'!$C$5:$C$26,MATCH($K159,'07-Paper Priority'!$B$5:$B$26,0)))) -> 500 | O159: =IF($K159="NO FIT","",$M159-$E159) -> 35 | P159: =IF($K159="NO FIT","",$N159-$F159) -> 68 | Q159: =IF($K159="NO FIT","REVIEW - NO PAPER FIT",IF(OR($O159<0,$P159<0),"ERROR - FIT",IF(COUNTIF('02-Printing Size'!$A$2:$A$2169,$K159)=0,"ERROR - CODE MISSING","VALID - LOWEST PAPER"))) -> VALID - LOWEST PAPER | R159: Adult jumbo apparel range | S159: =IF(AND('07-Paper Priority'!$A$5>=MATCH($J159,'07-Paper Priority'!$B$5:$B$26,0),OR(AND($E159<='07-Paper Priority'!$C$5,$F159<='07-Paper Priority'!$D$5),AND($E159<='07-Paper Priority'!$D$5,$F159<='07-Paper Priority'!$C$5))),'07-Paper Priority'!$A$5,"") | T159: =IF(AND('07-Paper Priority'!$A$6>=MATCH($J159,'07-Paper Priority'!$B$5:$B$26,0),OR(AND($E159<='07-Paper Priority'!$C$6,$F159<='07-Paper Priority'!$D$6),AND($E159<='07-Paper Priority'!$D$6,$F159<='07-Paper Priority'!$C$6))),'07-Paper Priority'!$A$6,"") | U159: =IF(AND('07-Paper Priority'!$A$7>=MATCH($J159,'07-Paper Priority'!$B$5:$B$26,0),OR(AND($E159<='07-Paper Priority'!$C$7,$F159<='07-Paper Priority'!$D$7),AND($E159<='07-Paper Priority'!$D$7,$F159<='07-Paper Priority'!$C$7))),'07-Paper Priority'!$A$7,"") | V159: =IF(AND('07-Paper Priority'!$A$8>=MATCH($J159,'07-Paper Priority'!$B$5:$B$26,0),OR(AND($E159<='07-Paper Priority'!$C$8,$F159<='07-Paper Priority'!$D$8),AND($E159<='07-Paper Priority'!$D$8,$F159<='07-Paper Priority'!$C$8))),'07-Paper Priority'!$A$8,"") | W159: =IF(AND('07-Paper Priority'!$A$9>=MATCH($J159,'07-Paper Priority'!$B$5:$B$26,0),OR(AND($E159<='07-Paper Priority'!$C$9,$F159<='07-Paper Priority'!$D$9),AND($E159<='07-Paper Priority'!$D$9,$F159<='07-Paper Priority'!$C$9))),'07-Paper Priority'!$A$9,"") | X159: =IF(AND('07-Paper Priority'!$A$10>=MATCH($J159,'07-Paper Priority'!$B$5:$B$26,0),OR(AND($E159<='07-Paper Priority'!$C$10,$F159<='07-Paper Priority'!$D$10),AND($E159<='07-Paper Priority'!$D$10,$F159<='07-Paper Priority'!$C$10))),'07-Paper Priority'!$A$10,"") | Y159: =IF(AND('07-Paper Priority'!$A$11>=MATCH($J159,'07-Paper Priority'!$B$5:$B$26,0),OR(AND($E159<='07-Paper Priority'!$C$11,$F159<='07-Paper Priority'!$D$11),AND($E159<='07-Paper Priority'!$D$11,$F159<='07-Paper Priority'!$C$11))),'07-Paper Priority'!$A$11,"") | Z159: =IF(AND('07-Paper Priority'!$A$12>=MATCH($J159,'07-Paper Priority'!$B$5:$B$26,0),OR(AND($E159<='07-Paper Priority'!$C$12,$F159<='07-Paper Priority'!$D$12),AND($E159<='07-Paper Priority'!$D$12,$F159<='07-Paper Priority'!$C$12))),'07-Paper Priority'!$A$12,"") | AA159: =IF(AND('07-Paper Priority'!$A$13>=MATCH($J159,'07-Paper Priority'!$B$5:$B$26,0),OR(AND($E159<='07-Paper Priority'!$C$13,$F159<='07-Paper Priority'!$D$13),AND($E159<='07-Paper Priority'!$D$13,$F159<='07-Paper Priority'!$C$13))),'07-Paper Priority'!$A$13,"") | AB159: =IF(AND('07-Paper Priority'!$A$14>=MATCH($J159,'07-Paper Priority'!$B$5:$B$26,0),OR(AND($E159<='07-Paper Priority'!$C$14,$F159<='07-Paper Priority'!$D$14),AND($E159<='07-Paper Priority'!$D$14,$F159<='07-Paper Priority'!$C$14))),'07-Paper Priority'!$A$14,"") | AC159: =IF(AND('07-Paper Priority'!$A$15>=MATCH($J159,'07-Paper Priority'!$B$5:$B$26,0),OR(AND($E159<='07-Paper Priority'!$C$15,$F159<='07-Paper Priority'!$D$15),AND($E159<='07-Paper Priority'!$D$15,$F159<='07-Paper Priority'!$C$15))),'07-Paper Priority'!$A$15,"") | AD159: =IF(AND('07-Paper Priority'!$A$16>=MATCH($J159,'07-Paper Priority'!$B$5:$B$26,0),OR(AND($E159<='07-Paper Priority'!$C$16,$F159<='07-Paper Priority'!$D$16),AND($E159<='07-Paper Priority'!$D$16,$F159<='07-Paper Priority'!$C$16))),'07-Paper Priority'!$A$16,"") | AE159: =IF(AND('07-Paper Priority'!$A$17>=MATCH($J159,'07-Paper Priority'!$B$5:$B$26,0),OR(AND($E159<='07-Paper Priority'!$C$17,$F159<='07-Paper Priority'!$D$17),AND($E159<='07-Paper Priority'!$D$17,$F159<='07-Paper Priority'!$C$17))),'07-Paper Priority'!$A$17,"") | AF159: =IF(AND('07-Paper Priority'!$A$18>=MATCH($J159,'07-Paper Priority'!$B$5:$B$26,0),OR(AND($E159<='07-Paper Priority'!$C$18,$F159<='07-Paper Priority'!$D$18),AND($E159<='07-Paper Priority'!$D$18,$F159<='07-Paper Priority'!$C$18))),'07-Paper Priority'!$A$18,"") | AG159: =IF(AND('07-Paper Priority'!$A$19>=MATCH($J159,'07-Paper Priority'!$B$5:$B$26,0),OR(AND($E159<='07-Paper Priority'!$C$19,$F159<='07-Paper Priority'!$D$19),AND($E159<='07-Paper Priority'!$D$19,$F159<='07-Paper Priority'!$C$19))),'07-Paper Priority'!$A$19,"") | AH159: =IF(AND('07-Paper Priority'!$A$20>=MATCH($J159,'07-Paper Priority'!$B$5:$B$26,0),OR(AND($E159<='07-Paper Priority'!$C$20,$F159<='07-Paper Priority'!$D$20),AND($E159<='07-Paper Priority'!$D$20,$F159<='07-Paper Priority'!$C$20))),'07-Paper Priority'!$A$20,"") -> 16 | AI159: =IF(AND('07-Paper Priority'!$A$21>=MATCH($J159,'07-Paper Priority'!$B$5:$B$26,0),OR(AND($E159<='07-Paper Priority'!$C$21,$F159<='07-Paper Priority'!$D$21),AND($E159<='07-Paper Priority'!$D$21,$F159<='07-Paper Priority'!$C$21))),'07-Paper Priority'!$A$21,"") -> 17 | AJ159: =IF(AND('07-Paper Priority'!$A$22>=MATCH($J159,'07-Paper Priority'!$B$5:$B$26,0),OR(AND($E159<='07-Paper Priority'!$C$22,$F159<='07-Paper Priority'!$D$22),AND($E159<='07-Paper Priority'!$D$22,$F159<='07-Paper Priority'!$C$22))),'07-Paper Priority'!$A$22,"") -> 18 | AK159: =IF(AND('07-Paper Priority'!$A$23>=MATCH($J159,'07-Paper Priority'!$B$5:$B$26,0),OR(AND($E159<='07-Paper Priority'!$C$23,$F159<='07-Paper Priority'!$D$23),AND($E159<='07-Paper Priority'!$D$23,$F159<='07-Paper Priority'!$C$23))),'07-Paper Priority'!$A$23,"") -> 19 | AL159: =IF(AND('07-Paper Priority'!$A$24>=MATCH($J159,'07-Paper Priority'!$B$5:$B$26,0),OR(AND($E159<='07-Paper Priority'!$C$24,$F159<='07-Paper Priority'!$D$24),AND($E159<='07-Paper Priority'!$D$24,$F159<='07-Paper Priority'!$C$24))),'07-Paper Priority'!$A$24,"") -> 20 | AM159: =IF(AND('07-Paper Priority'!$A$25>=MATCH($J159,'07-Paper Priority'!$B$5:$B$26,0),OR(AND($E159<='07-Paper Priority'!$C$25,$F159<='07-Paper Priority'!$D$25),AND($E159<='07-Paper Priority'!$D$25,$F159<='07-Paper Priority'!$C$25))),'07-Paper Priority'!$A$25,"") -> 21 | AN159: =IF(AND('07-Paper Priority'!$A$26>=MATCH($J159,'07-Paper Priority'!$B$5:$B$26,0),OR(AND($E159<='07-Paper Priority'!$C$26,$F159<='07-Paper Priority'!$D$26),AND($E159<='07-Paper Priority'!$D$26,$F159<='07-Paper Priority'!$C$26))),'07-Paper Priority'!$A$26,"") -> 22
A160: TSH-006 | B160: T-shirt | C160: Adult - all genders | D160: L-5XL | E160: 350 | F160: 150 | G160: Wide front / slogan | H160: Wide, shallow artwork; keep clear of side seams. | I160: https://printify.com/blog/t-shirt-design-placement-guide/ | J160: B4 | K160: =IF(COUNT(S160:AN160)=0,"NO FIT",INDEX('07-Paper Priority'!$B$5:$B$26,MIN(S160:AN160))) -> B4 | L160: =IF($K160="NO FIT","",IF(AND($E160<=INDEX('07-Paper Priority'!$C$5:$C$26,MATCH($K160,'07-Paper Priority'!$B$5:$B$26,0)),$F160<=INDEX('07-Paper Priority'!$D$5:$D$26,MATCH($K160,'07-Paper Priority'!$B$5:$B$26,0))),"PORTRAIT","ROTATED")) -> ROTATED | M160: =IF($K160="NO FIT","",IF($L160="PORTRAIT",INDEX('07-Paper Priority'!$C$5:$C$26,MATCH($K160,'07-Paper Priority'!$B$5:$B$26,0)),INDEX('07-Paper Priority'!$D$5:$D$26,MATCH($K160,'07-Paper Priority'!$B$5:$B$26,0)))) -> 353 | N160: =IF($K160="NO FIT","",IF($L160="PORTRAIT",INDEX('07-Paper Priority'!$D$5:$D$26,MATCH($K160,'07-Paper Priority'!$B$5:$B$26,0)),INDEX('07-Paper Priority'!$C$5:$C$26,MATCH($K160,'07-Paper Priority'!$B$5:$B$26,0)))) -> 250 | O160: =IF($K160="NO FIT","",$M160-$E160) -> 3 | P160: =IF($K160="NO FIT","",$N160-$F160) -> 100 | Q160: =IF($K160="NO FIT","REVIEW - NO PAPER FIT",IF(OR($O160<0,$P160<0),"ERROR - FIT",IF(COUNTIF('02-Printing Size'!$A$2:$A$2169,$K160)=0,"ERROR - CODE MISSING","VALID - LOWEST PAPER"))) -> VALID - LOWEST PAPER | R160: Wide shallow front-art starting preset | S160: =IF(AND('07-Paper Priority'!$A$5>=MATCH($J160,'07-Paper Priority'!$B$5:$B$26,0),OR(AND($E160<='07-Paper Priority'!$C$5,$F160<='07-Paper Priority'!$D$5),AND($E160<='07-Paper Priority'!$D$5,$F160<='07-Paper Priority'!$C$5))),'07-Paper Priority'!$A$5,"") | T160: =IF(AND('07-Paper Priority'!$A$6>=MATCH($J160,'07-Paper Priority'!$B$5:$B$26,0),OR(AND($E160<='07-Paper Priority'!$C$6,$F160<='07-Paper Priority'!$D$6),AND($E160<='07-Paper Priority'!$D$6,$F160<='07-Paper Priority'!$C$6))),'07-Paper Priority'!$A$6,"") | U160: =IF(AND('07-Paper Priority'!$A$7>=MATCH($J160,'07-Paper Priority'!$B$5:$B$26,0),OR(AND($E160<='07-Paper Priority'!$C$7,$F160<='07-Paper Priority'!$D$7),AND($E160<='07-Paper Priority'!$D$7,$F160<='07-Paper Priority'!$C$7))),'07-Paper Priority'!$A$7,"") | V160: =IF(AND('07-Paper Priority'!$A$8>=MATCH($J160,'07-Paper Priority'!$B$5:$B$26,0),OR(AND($E160<='07-Paper Priority'!$C$8,$F160<='07-Paper Priority'!$D$8),AND($E160<='07-Paper Priority'!$D$8,$F160<='07-Paper Priority'!$C$8))),'07-Paper Priority'!$A$8,"") | W160: =IF(AND('07-Paper Priority'!$A$9>=MATCH($J160,'07-Paper Priority'!$B$5:$B$26,0),OR(AND($E160<='07-Paper Priority'!$C$9,$F160<='07-Paper Priority'!$D$9),AND($E160<='07-Paper Priority'!$D$9,$F160<='07-Paper Priority'!$C$9))),'07-Paper Priority'!$A$9,"") | X160: =IF(AND('07-Paper Priority'!$A$10>=MATCH($J160,'07-Paper Priority'!$B$5:$B$26,0),OR(AND($E160<='07-Paper Priority'!$C$10,$F160<='07-Paper Priority'!$D$10),AND($E160<='07-Paper Priority'!$D$10,$F160<='07-Paper Priority'!$C$10))),'07-Paper Priority'!$A$10,"") | Y160: =IF(AND('07-Paper Priority'!$A$11>=MATCH($J160,'07-Paper Priority'!$B$5:$B$26,0),OR(AND($E160<='07-Paper Priority'!$C$11,$F160<='07-Paper Priority'!$D$11),AND($E160<='07-Paper Priority'!$D$11,$F160<='07-Paper Priority'!$C$11))),'07-Paper Priority'!$A$11,"") | Z160: =IF(AND('07-Paper Priority'!$A$12>=MATCH($J160,'07-Paper Priority'!$B$5:$B$26,0),OR(AND($E160<='07-Paper Priority'!$C$12,$F160<='07-Paper Priority'!$D$12),AND($E160<='07-Paper Priority'!$D$12,$F160<='07-Paper Priority'!$C$12))),'07-Paper Priority'!$A$12,"") | AA160: =IF(AND('07-Paper Priority'!$A$13>=MATCH($J160,'07-Paper Priority'!$B$5:$B$26,0),OR(AND($E160<='07-Paper Priority'!$C$13,$F160<='07-Paper Priority'!$D$13),AND($E160<='07-Paper Priority'!$D$13,$F160<='07-Paper Priority'!$C$13))),'07-Paper Priority'!$A$13,"") | AB160: =IF(AND('07-Paper Priority'!$A$14>=MATCH($J160,'07-Paper Priority'!$B$5:$B$26,0),OR(AND($E160<='07-Paper Priority'!$C$14,$F160<='07-Paper Priority'!$D$14),AND($E160<='07-Paper Priority'!$D$14,$F160<='07-Paper Priority'!$C$14))),'07-Paper Priority'!$A$14,"") | AC160: =IF(AND('07-Paper Priority'!$A$15>=MATCH($J160,'07-Paper Priority'!$B$5:$B$26,0),OR(AND($E160<='07-Paper Priority'!$C$15,$F160<='07-Paper Priority'!$D$15),AND($E160<='07-Paper Priority'!$D$15,$F160<='07-Paper Priority'!$C$15))),'07-Paper Priority'!$A$15,"") | AD160: =IF(AND('07-Paper Priority'!$A$16>=MATCH($J160,'07-Paper Priority'!$B$5:$B$26,0),OR(AND($E160<='07-Paper Priority'!$C$16,$F160<='07-Paper Priority'!$D$16),AND($E160<='07-Paper Priority'!$D$16,$F160<='07-Paper Priority'!$C$16))),'07-Paper Priority'!$A$16,"") | AE160: =IF(AND('07-Paper Priority'!$A$17>=MATCH($J160,'07-Paper Priority'!$B$5:$B$26,0),OR(AND($E160<='07-Paper Priority'!$C$17,$F160<='07-Paper Priority'!$D$17),AND($E160<='07-Paper Priority'!$D$17,$F160<='07-Paper Priority'!$C$17))),'07-Paper Priority'!$A$17,"") | AF160: =IF(AND('07-Paper Priority'!$A$18>=MATCH($J160,'07-Paper Priority'!$B$5:$B$26,0),OR(AND($E160<='07-Paper Priority'!$C$18,$F160<='07-Paper Priority'!$D$18),AND($E160<='07-Paper Priority'!$D$18,$F160<='07-Paper Priority'!$C$18))),'07-Paper Priority'!$A$18,"") -> 14 | AG160: =IF(AND('07-Paper Priority'!$A$19>=MATCH($J160,'07-Paper Priority'!$B$5:$B$26,0),OR(AND($E160<='07-Paper Priority'!$C$19,$F160<='07-Paper Priority'!$D$19),AND($E160<='07-Paper Priority'!$D$19,$F160<='07-Paper Priority'!$C$19))),'07-Paper Priority'!$A$19,"") -> 15 | AH160: =IF(AND('07-Paper Priority'!$A$20>=MATCH($J160,'07-Paper Priority'!$B$5:$B$26,0),OR(AND($E160<='07-Paper Priority'!$C$20,$F160<='07-Paper Priority'!$D$20),AND($E160<='07-Paper Priority'!$D$20,$F160<='07-Paper Priority'!$C$20))),'07-Paper Priority'!$A$20,"") -> 16 | AI160: =IF(AND('07-Paper Priority'!$A$21>=MATCH($J160,'07-Paper Priority'!$B$5:$B$26,0),OR(AND($E160<='07-Paper Priority'!$C$21,$F160<='07-Paper Priority'!$D$21),AND($E160<='07-Paper Priority'!$D$21,$F160<='07-Paper Priority'!$C$21))),'07-Paper Priority'!$A$21,"") -> 17 | AJ160: =IF(AND('07-Paper Priority'!$A$22>=MATCH($J160,'07-Paper Priority'!$B$5:$B$26,0),OR(AND($E160<='07-Paper Priority'!$C$22,$F160<='07-Paper Priority'!$D$22),AND($E160<='07-Paper Priority'!$D$22,$F160<='07-Paper Priority'!$C$22))),'07-Paper Priority'!$A$22,"") -> 18 | AK160: =IF(AND('07-Paper Priority'!$A$23>=MATCH($J160,'07-Paper Priority'!$B$5:$B$26,0),OR(AND($E160<='07-Paper Priority'!$C$23,$F160<='07-Paper Priority'!$D$23),AND($E160<='07-Paper Priority'!$D$23,$F160<='07-Paper Priority'!$C$23))),'07-Paper Priority'!$A$23,"") -> 19 | AL160: =IF(AND('07-Paper Priority'!$A$24>=MATCH($J160,'07-Paper Priority'!$B$5:$B$26,0),OR(AND($E160<='07-Paper Priority'!$C$24,$F160<='07-Paper Priority'!$D$24),AND($E160<='07-Paper Priority'!$D$24,$F160<='07-Paper Priority'!$C$24))),'07-Paper Priority'!$A$24,"") -> 20 | AM160: =IF(AND('07-Paper Priority'!$A$25>=MATCH($J160,'07-Paper Priority'!$B$5:$B$26,0),OR(AND($E160<='07-Paper Priority'!$C$25,$F160<='07-Paper Priority'!$D$25),AND($E160<='07-Paper Priority'!$D$25,$F160<='07-Paper Priority'!$C$25))),'07-Paper Priority'!$A$25,"") -> 21 | AN160: =IF(AND('07-Paper Priority'!$A$26>=MATCH($J160,'07-Paper Priority'!$B$5:$B$26,0),OR(AND($E160<='07-Paper Priority'!$C$26,$F160<='07-Paper Priority'!$D$26),AND($E160<='07-Paper Priority'!$D$26,$F160<='07-Paper Priority'!$C$26))),'07-Paper Priority'!$A$26,"") -> 22
A161: TSH-007 | B161: T-shirt | C161: Adult - all genders | D161: S-3XL | E161: 300 | F161: 380 | G161: Standard full back | H161: Start below collar and check garment width. | I161: https://printify.com/blog/t-shirt-design-size/ | J161: B3 | K161: =IF(COUNT(S161:AN161)=0,"NO FIT",INDEX('07-Paper Priority'!$B$5:$B$26,MIN(S161:AN161))) -> B3 | L161: =IF($K161="NO FIT","",IF(AND($E161<=INDEX('07-Paper Priority'!$C$5:$C$26,MATCH($K161,'07-Paper Priority'!$B$5:$B$26,0)),$F161<=INDEX('07-Paper Priority'!$D$5:$D$26,MATCH($K161,'07-Paper Priority'!$B$5:$B$26,0))),"PORTRAIT","ROTATED")) -> PORTRAIT | M161: =IF($K161="NO FIT","",IF($L161="PORTRAIT",INDEX('07-Paper Priority'!$C$5:$C$26,MATCH($K161,'07-Paper Priority'!$B$5:$B$26,0)),INDEX('07-Paper Priority'!$D$5:$D$26,MATCH($K161,'07-Paper Priority'!$B$5:$B$26,0)))) -> 353 | N161: =IF($K161="NO FIT","",IF($L161="PORTRAIT",INDEX('07-Paper Priority'!$D$5:$D$26,MATCH($K161,'07-Paper Priority'!$B$5:$B$26,0)),INDEX('07-Paper Priority'!$C$5:$C$26,MATCH($K161,'07-Paper Priority'!$B$5:$B$26,0)))) -> 500 | O161: =IF($K161="NO FIT","",$M161-$E161) -> 53 | P161: =IF($K161="NO FIT","",$N161-$F161) -> 120 | Q161: =IF($K161="NO FIT","REVIEW - NO PAPER FIT",IF(OR($O161<0,$P161<0),"ERROR - FIT",IF(COUNTIF('02-Printing Size'!$A$2:$A$2169,$K161)=0,"ERROR - CODE MISSING","VALID - LOWEST PAPER"))) -> VALID - LOWEST PAPER | R161: Official full-back range representative | S161: =IF(AND('07-Paper Priority'!$A$5>=MATCH($J161,'07-Paper Priority'!$B$5:$B$26,0),OR(AND($E161<='07-Paper Priority'!$C$5,$F161<='07-Paper Priority'!$D$5),AND($E161<='07-Paper Priority'!$D$5,$F161<='07-Paper Priority'!$C$5))),'07-Paper Priority'!$A$5,"") | T161: =IF(AND('07-Paper Priority'!$A$6>=MATCH($J161,'07-Paper Priority'!$B$5:$B$26,0),OR(AND($E161<='07-Paper Priority'!$C$6,$F161<='07-Paper Priority'!$D$6),AND($E161<='07-Paper Priority'!$D$6,$F161<='07-Paper Priority'!$C$6))),'07-Paper Priority'!$A$6,"") | U161: =IF(AND('07-Paper Priority'!$A$7>=MATCH($J161,'07-Paper Priority'!$B$5:$B$26,0),OR(AND($E161<='07-Paper Priority'!$C$7,$F161<='07-Paper Priority'!$D$7),AND($E161<='07-Paper Priority'!$D$7,$F161<='07-Paper Priority'!$C$7))),'07-Paper Priority'!$A$7,"") | V161: =IF(AND('07-Paper Priority'!$A$8>=MATCH($J161,'07-Paper Priority'!$B$5:$B$26,0),OR(AND($E161<='07-Paper Priority'!$C$8,$F161<='07-Paper Priority'!$D$8),AND($E161<='07-Paper Priority'!$D$8,$F161<='07-Paper Priority'!$C$8))),'07-Paper Priority'!$A$8,"") | W161: =IF(AND('07-Paper Priority'!$A$9>=MATCH($J161,'07-Paper Priority'!$B$5:$B$26,0),OR(AND($E161<='07-Paper Priority'!$C$9,$F161<='07-Paper Priority'!$D$9),AND($E161<='07-Paper Priority'!$D$9,$F161<='07-Paper Priority'!$C$9))),'07-Paper Priority'!$A$9,"") | X161: =IF(AND('07-Paper Priority'!$A$10>=MATCH($J161,'07-Paper Priority'!$B$5:$B$26,0),OR(AND($E161<='07-Paper Priority'!$C$10,$F161<='07-Paper Priority'!$D$10),AND($E161<='07-Paper Priority'!$D$10,$F161<='07-Paper Priority'!$C$10))),'07-Paper Priority'!$A$10,"") | Y161: =IF(AND('07-Paper Priority'!$A$11>=MATCH($J161,'07-Paper Priority'!$B$5:$B$26,0),OR(AND($E161<='07-Paper Priority'!$C$11,$F161<='07-Paper Priority'!$D$11),AND($E161<='07-Paper Priority'!$D$11,$F161<='07-Paper Priority'!$C$11))),'07-Paper Priority'!$A$11,"") | Z161: =IF(AND('07-Paper Priority'!$A$12>=MATCH($J161,'07-Paper Priority'!$B$5:$B$26,0),OR(AND($E161<='07-Paper Priority'!$C$12,$F161<='07-Paper Priority'!$D$12),AND($E161<='07-Paper Priority'!$D$12,$F161<='07-Paper Priority'!$C$12))),'07-Paper Priority'!$A$12,"") | AA161: =IF(AND('07-Paper Priority'!$A$13>=MATCH($J161,'07-Paper Priority'!$B$5:$B$26,0),OR(AND($E161<='07-Paper Priority'!$C$13,$F161<='07-Paper Priority'!$D$13),AND($E161<='07-Paper Priority'!$D$13,$F161<='07-Paper Priority'!$C$13))),'07-Paper Priority'!$A$13,"") | AB161: =IF(AND('07-Paper Priority'!$A$14>=MATCH($J161,'07-Paper Priority'!$B$5:$B$26,0),OR(AND($E161<='07-Paper Priority'!$C$14,$F161<='07-Paper Priority'!$D$14),AND($E161<='07-Paper Priority'!$D$14,$F161<='07-Paper Priority'!$C$14))),'07-Paper Priority'!$A$14,"") | AC161: =IF(AND('07-Paper Priority'!$A$15>=MATCH($J161,'07-Paper Priority'!$B$5:$B$26,0),OR(AND($E161<='07-Paper Priority'!$C$15,$F161<='07-Paper Priority'!$D$15),AND($E161<='07-Paper Priority'!$D$15,$F161<='07-Paper Priority'!$C$15))),'07-Paper Priority'!$A$15,"") | AD161: =IF(AND('07-Paper Priority'!$A$16>=MATCH($J161,'07-Paper Priority'!$B$5:$B$26,0),OR(AND($E161<='07-Paper Priority'!$C$16,$F161<='07-Paper Priority'!$D$16),AND($E161<='07-Paper Priority'!$D$16,$F161<='07-Paper Priority'!$C$16))),'07-Paper Priority'!$A$16,"") | AE161: =IF(AND('07-Paper Priority'!$A$17>=MATCH($J161,'07-Paper Priority'!$B$5:$B$26,0),OR(AND($E161<='07-Paper Priority'!$C$17,$F161<='07-Paper Priority'!$D$17),AND($E161<='07-Paper Priority'!$D$17,$F161<='07-Paper Priority'!$C$17))),'07-Paper Priority'!$A$17,"") | AF161: =IF(AND('07-Paper Priority'!$A$18>=MATCH($J161,'07-Paper Priority'!$B$5:$B$26,0),OR(AND($E161<='07-Paper Priority'!$C$18,$F161<='07-Paper Priority'!$D$18),AND($E161<='07-Paper Priority'!$D$18,$F161<='07-Paper Priority'!$C$18))),'07-Paper Priority'!$A$18,"") | AG161: =IF(AND('07-Paper Priority'!$A$19>=MATCH($J161,'07-Paper Priority'!$B$5:$B$26,0),OR(AND($E161<='07-Paper Priority'!$C$19,$F161<='07-Paper Priority'!$D$19),AND($E161<='07-Paper Priority'!$D$19,$F161<='07-Paper Priority'!$C$19))),'07-Paper Priority'!$A$19,"") | AH161: =IF(AND('07-Paper Priority'!$A$20>=MATCH($J161,'07-Paper Priority'!$B$5:$B$26,0),OR(AND($E161<='07-Paper Priority'!$C$20,$F161<='07-Paper Priority'!$D$20),AND($E161<='07-Paper Priority'!$D$20,$F161<='07-Paper Priority'!$C$20))),'07-Paper Priority'!$A$20,"") -> 16 | AI161: =IF(AND('07-Paper Priority'!$A$21>=MATCH($J161,'07-Paper Priority'!$B$5:$B$26,0),OR(AND($E161<='07-Paper Priority'!$C$21,$F161<='07-Paper Priority'!$D$21),AND($E161<='07-Paper Priority'!$D$21,$F161<='07-Paper Priority'!$C$21))),'07-Paper Priority'!$A$21,"") -> 17 | AJ161: =IF(AND('07-Paper Priority'!$A$22>=MATCH($J161,'07-Paper Priority'!$B$5:$B$26,0),OR(AND($E161<='07-Paper Priority'!$C$22,$F161<='07-Paper Priority'!$D$22),AND($E161<='07-Paper Priority'!$D$22,$F161<='07-Paper Priority'!$C$22))),'07-Paper Priority'!$A$22,"") -> 18 | AK161: =IF(AND('07-Paper Priority'!$A$23>=MATCH($J161,'07-Paper Priority'!$B$5:$B$26,0),OR(AND($E161<='07-Paper Priority'!$C$23,$F161<='07-Paper Priority'!$D$23),AND($E161<='07-Paper Priority'!$D$23,$F161<='07-Paper Priority'!$C$23))),'07-Paper Priority'!$A$23,"") -> 19 | AL161: =IF(AND('07-Paper Priority'!$A$24>=MATCH($J161,'07-Paper Priority'!$B$5:$B$26,0),OR(AND($E161<='07-Paper Priority'!$C$24,$F161<='07-Paper Priority'!$D$24),AND($E161<='07-Paper Priority'!$D$24,$F161<='07-Paper Priority'!$C$24))),'07-Paper Priority'!$A$24,"") -> 20 | AM161: =IF(AND('07-Paper Priority'!$A$25>=MATCH($J161,'07-Paper Priority'!$B$5:$B$26,0),OR(AND($E161<='07-Paper Priority'!$C$25,$F161<='07-Paper Priority'!$D$25),AND($E161<='07-Paper Priority'!$D$25,$F161<='07-Paper Priority'!$C$25))),'07-Paper Priority'!$A$25,"") -> 21 | AN161: =IF(AND('07-Paper Priority'!$A$26>=MATCH($J161,'07-Paper Priority'!$B$5:$B$26,0),OR(AND($E161<='07-Paper Priority'!$C$26,$F161<='07-Paper Priority'!$D$26),AND($E161<='07-Paper Priority'!$D$26,$F161<='07-Paper Priority'!$C$26))),'07-Paper Priority'!$A$26,"") -> 22
A162: TSH-008 | B162: T-shirt | C162: Adult - all genders | D162: L-5XL | E162: 340 | F162: 430 | G162: Large / jumbo back | H162: Verify shoulder width, collar offset and heat-press platen. | I162: https://printify.com/blog/t-shirt-design-placement-guide/ | J162: B3 | K162: =IF(COUNT(S162:AN162)=0,"NO FIT",INDEX('07-Paper Priority'!$B$5:$B$26,MIN(S162:AN162))) -> B3 | L162: =IF($K162="NO FIT","",IF(AND($E162<=INDEX('07-Paper Priority'!$C$5:$C$26,MATCH($K162,'07-Paper Priority'!$B$5:$B$26,0)),$F162<=INDEX('07-Paper Priority'!$D$5:$D$26,MATCH($K162,'07-Paper Priority'!$B$5:$B$26,0))),"PORTRAIT","ROTATED")) -> PORTRAIT | M162: =IF($K162="NO FIT","",IF($L162="PORTRAIT",INDEX('07-Paper Priority'!$C$5:$C$26,MATCH($K162,'07-Paper Priority'!$B$5:$B$26,0)),INDEX('07-Paper Priority'!$D$5:$D$26,MATCH($K162,'07-Paper Priority'!$B$5:$B$26,0)))) -> 353 | N162: =IF($K162="NO FIT","",IF($L162="PORTRAIT",INDEX('07-Paper Priority'!$D$5:$D$26,MATCH($K162,'07-Paper Priority'!$B$5:$B$26,0)),INDEX('07-Paper Priority'!$C$5:$C$26,MATCH($K162,'07-Paper Priority'!$B$5:$B$26,0)))) -> 500 | O162: =IF($K162="NO FIT","",$M162-$E162) -> 13 | P162: =IF($K162="NO FIT","",$N162-$F162) -> 70 | Q162: =IF($K162="NO FIT","REVIEW - NO PAPER FIT",IF(OR($O162<0,$P162<0),"ERROR - FIT",IF(COUNTIF('02-Printing Size'!$A$2:$A$2169,$K162)=0,"ERROR - CODE MISSING","VALID - LOWEST PAPER"))) -> VALID - LOWEST PAPER | R162: Large back starting envelope | S162: =IF(AND('07-Paper Priority'!$A$5>=MATCH($J162,'07-Paper Priority'!$B$5:$B$26,0),OR(AND($E162<='07-Paper Priority'!$C$5,$F162<='07-Paper Priority'!$D$5),AND($E162<='07-Paper Priority'!$D$5,$F162<='07-Paper Priority'!$C$5))),'07-Paper Priority'!$A$5,"") | T162: =IF(AND('07-Paper Priority'!$A$6>=MATCH($J162,'07-Paper Priority'!$B$5:$B$26,0),OR(AND($E162<='07-Paper Priority'!$C$6,$F162<='07-Paper Priority'!$D$6),AND($E162<='07-Paper Priority'!$D$6,$F162<='07-Paper Priority'!$C$6))),'07-Paper Priority'!$A$6,"") | U162: =IF(AND('07-Paper Priority'!$A$7>=MATCH($J162,'07-Paper Priority'!$B$5:$B$26,0),OR(AND($E162<='07-Paper Priority'!$C$7,$F162<='07-Paper Priority'!$D$7),AND($E162<='07-Paper Priority'!$D$7,$F162<='07-Paper Priority'!$C$7))),'07-Paper Priority'!$A$7,"") | V162: =IF(AND('07-Paper Priority'!$A$8>=MATCH($J162,'07-Paper Priority'!$B$5:$B$26,0),OR(AND($E162<='07-Paper Priority'!$C$8,$F162<='07-Paper Priority'!$D$8),AND($E162<='07-Paper Priority'!$D$8,$F162<='07-Paper Priority'!$C$8))),'07-Paper Priority'!$A$8,"") | W162: =IF(AND('07-Paper Priority'!$A$9>=MATCH($J162,'07-Paper Priority'!$B$5:$B$26,0),OR(AND($E162<='07-Paper Priority'!$C$9,$F162<='07-Paper Priority'!$D$9),AND($E162<='07-Paper Priority'!$D$9,$F162<='07-Paper Priority'!$C$9))),'07-Paper Priority'!$A$9,"") | X162: =IF(AND('07-Paper Priority'!$A$10>=MATCH($J162,'07-Paper Priority'!$B$5:$B$26,0),OR(AND($E162<='07-Paper Priority'!$C$10,$F162<='07-Paper Priority'!$D$10),AND($E162<='07-Paper Priority'!$D$10,$F162<='07-Paper Priority'!$C$10))),'07-Paper Priority'!$A$10,"") | Y162: =IF(AND('07-Paper Priority'!$A$11>=MATCH($J162,'07-Paper Priority'!$B$5:$B$26,0),OR(AND($E162<='07-Paper Priority'!$C$11,$F162<='07-Paper Priority'!$D$11),AND($E162<='07-Paper Priority'!$D$11,$F162<='07-Paper Priority'!$C$11))),'07-Paper Priority'!$A$11,"") | Z162: =IF(AND('07-Paper Priority'!$A$12>=MATCH($J162,'07-Paper Priority'!$B$5:$B$26,0),OR(AND($E162<='07-Paper Priority'!$C$12,$F162<='07-Paper Priority'!$D$12),AND($E162<='07-Paper Priority'!$D$12,$F162<='07-Paper Priority'!$C$12))),'07-Paper Priority'!$A$12,"") | AA162: =IF(AND('07-Paper Priority'!$A$13>=MATCH($J162,'07-Paper Priority'!$B$5:$B$26,0),OR(AND($E162<='07-Paper Priority'!$C$13,$F162<='07-Paper Priority'!$D$13),AND($E162<='07-Paper Priority'!$D$13,$F162<='07-Paper Priority'!$C$13))),'07-Paper Priority'!$A$13,"") | AB162: =IF(AND('07-Paper Priority'!$A$14>=MATCH($J162,'07-Paper Priority'!$B$5:$B$26,0),OR(AND($E162<='07-Paper Priority'!$C$14,$F162<='07-Paper Priority'!$D$14),AND($E162<='07-Paper Priority'!$D$14,$F162<='07-Paper Priority'!$C$14))),'07-Paper Priority'!$A$14,"") | AC162: =IF(AND('07-Paper Priority'!$A$15>=MATCH($J162,'07-Paper Priority'!$B$5:$B$26,0),OR(AND($E162<='07-Paper Priority'!$C$15,$F162<='07-Paper Priority'!$D$15),AND($E162<='07-Paper Priority'!$D$15,$F162<='07-Paper Priority'!$C$15))),'07-Paper Priority'!$A$15,"") | AD162: =IF(AND('07-Paper Priority'!$A$16>=MATCH($J162,'07-Paper Priority'!$B$5:$B$26,0),OR(AND($E162<='07-Paper Priority'!$C$16,$F162<='07-Paper Priority'!$D$16),AND($E162<='07-Paper Priority'!$D$16,$F162<='07-Paper Priority'!$C$16))),'07-Paper Priority'!$A$16,"") | AE162: =IF(AND('07-Paper Priority'!$A$17>=MATCH($J162,'07-Paper Priority'!$B$5:$B$26,0),OR(AND($E162<='07-Paper Priority'!$C$17,$F162<='07-Paper Priority'!$D$17),AND($E162<='07-Paper Priority'!$D$17,$F162<='07-Paper Priority'!$C$17))),'07-Paper Priority'!$A$17,"") | AF162: =IF(AND('07-Paper Priority'!$A$18>=MATCH($J162,'07-Paper Priority'!$B$5:$B$26,0),OR(AND($E162<='07-Paper Priority'!$C$18,$F162<='07-Paper Priority'!$D$18),AND($E162<='07-Paper Priority'!$D$18,$F162<='07-Paper Priority'!$C$18))),'07-Paper Priority'!$A$18,"") | AG162: =IF(AND('07-Paper Priority'!$A$19>=MATCH($J162,'07-Paper Priority'!$B$5:$B$26,0),OR(AND($E162<='07-Paper Priority'!$C$19,$F162<='07-Paper Priority'!$D$19),AND($E162<='07-Paper Priority'!$D$19,$F162<='07-Paper Priority'!$C$19))),'07-Paper Priority'!$A$19,"") | AH162: =IF(AND('07-Paper Priority'!$A$20>=MATCH($J162,'07-Paper Priority'!$B$5:$B$26,0),OR(AND($E162<='07-Paper Priority'!$C$20,$F162<='07-Paper Priority'!$D$20),AND($E162<='07-Paper Priority'!$D$20,$F162<='07-Paper Priority'!$C$20))),'07-Paper Priority'!$A$20,"") -> 16 | AI162: =IF(AND('07-Paper Priority'!$A$21>=MATCH($J162,'07-Paper Priority'!$B$5:$B$26,0),OR(AND($E162<='07-Paper Priority'!$C$21,$F162<='07-Paper Priority'!$D$21),AND($E162<='07-Paper Priority'!$D$21,$F162<='07-Paper Priority'!$C$21))),'07-Paper Priority'!$A$21,"") -> 17 | AJ162: =IF(AND('07-Paper Priority'!$A$22>=MATCH($J162,'07-Paper Priority'!$B$5:$B$26,0),OR(AND($E162<='07-Paper Priority'!$C$22,$F162<='07-Paper Priority'!$D$22),AND($E162<='07-Paper Priority'!$D$22,$F162<='07-Paper Priority'!$C$22))),'07-Paper Priority'!$A$22,"") -> 18 | AK162: =IF(AND('07-Paper Priority'!$A$23>=MATCH($J162,'07-Paper Priority'!$B$5:$B$26,0),OR(AND($E162<='07-Paper Priority'!$C$23,$F162<='07-Paper Priority'!$D$23),AND($E162<='07-Paper Priority'!$D$23,$F162<='07-Paper Priority'!$C$23))),'07-Paper Priority'!$A$23,"") -> 19 | AL162: =IF(AND('07-Paper Priority'!$A$24>=MATCH($J162,'07-Paper Priority'!$B$5:$B$26,0),OR(AND($E162<='07-Paper Priority'!$C$24,$F162<='07-Paper Priority'!$D$24),AND($E162<='07-Paper Priority'!$D$24,$F162<='07-Paper Priority'!$C$24))),'07-Paper Priority'!$A$24,"") -> 20 | AM162: =IF(AND('07-Paper Priority'!$A$25>=MATCH($J162,'07-Paper Priority'!$B$5:$B$26,0),OR(AND($E162<='07-Paper Priority'!$C$25,$F162<='07-Paper Priority'!$D$25),AND($E162<='07-Paper Priority'!$D$25,$F162<='07-Paper Priority'!$C$25))),'07-Paper Priority'!$A$25,"") -> 21 | AN162: =IF(AND('07-Paper Priority'!$A$26>=MATCH($J162,'07-Paper Priority'!$B$5:$B$26,0),OR(AND($E162<='07-Paper Priority'!$C$26,$F162<='07-Paper Priority'!$D$26),AND($E162<='07-Paper Priority'!$D$26,$F162<='07-Paper Priority'!$C$26))),'07-Paper Priority'!$A$26,"") -> 22
